"RutaRelativa","Bytes","SHA256"
"00_INICIO/COMO_CONTINUAR_EN_OTRO_CHAT.txt","1636","5EF3CC923A85B5FDE7E891E1F718AC4B83B1588764F7AC1270137EF27CCE3858"
"00_INICIO/GUIA_JUEGOS_AUTOMATIZACION_Y_ROBOTS.md","5848","D272BA0385C98C854628BEFA830FF92A73F44C6EA58810AE7EB88BBDA32B38FB"
"00_INICIO/INSTRUCCIONES_MAESTRAS_UI.md","10526","C3FD9FC23D81869899FD5F6B63835F1AEA51AA102816C6AA9D6B84E9220EA36F"
"00_INICIO/MAPA_DEL_SISTEMA.txt","1674","F1CEEE9277FD013D901CF8481018B9D9A35D1485DEB013E10AB1B45A9F7B00D2"
"00_INICIO/RECOMENDACIONES_OFICIALES_UNITY_UI.md","2698","376ED37B65BBAFAB2CCBBAF331B49F68A8ADA535643DD02249F5CE294381D181"
"01_GUIAS/GUIA_CREACION_CORRECTA_PANTALLAS.txt","96661","30C1DDBDBE21725C9089AC7A5A4D67EF7E98D289969BED3409554545C1B22545"
"01_GUIAS/GUIA_INTEGRACION_GRAFICA_SOBRE_REFERENCIA.txt","9540","7B994CAE0436EC3ECE1024EA04A0B7CC340CA196A5201173E11F3D00BF824BA6"
"01_GUIAS/GUIA_PREVENCION_ERRORES_PANTALLAS.txt","119246","2E640600B4B0380041ABF5B659F59F0A76683D6DD3466E5BB013E6286CE6F5AB"
"02_PLANTILLAS/CONTRATO_APROBACION_PANTALLA.txt","2673","AE36A6128AEF0CE6D94AAD603C7B1420A4E5E58B14F476E8E262655CEC0F3E5A"
"02_PLANTILLAS/FICHA_NUEVA_PANTALLA.txt","3264","EFC5F9DD803FFEF029CD46E78A99ED17FF428533471716440DE2D811B68974C7"
"02_PLANTILLAS/PERFIL_ESTILO_DIMENSION.txt","1826","6D5E68E5F510533328E6E91A6D452917A3A81FE2FA8C1706DF7253B6F9AE0498"
"03_ESTILOS/COMUN/CONTRATO_ESTILO_COMUN.txt","1754","C05ECC09CA9C3E3C27CDA532A9C42DB96D6992F4896E2EB265E40D4EBF164466"
"03_ESTILOS/DIMENSION_1/PERFIL_ESTILO_DIMENSION_1.txt","3071","2E3E699620AA2D9186733A45A196F481417FCCC0D951C8EE1D87789B75DDF0B3"
"03_ESTILOS/DIMENSION_2/PERFIL_ESTILO_DIMENSION_2.txt","1840","171CEF1A4662C6395AB57BC107C51C4C8FE8098D976BA0DB9675FCF983E557FC"
"03_ESTILOS/DIMENSION_3/PERFIL_ESTILO_DIMENSION_3.txt","6308","E49B7DEAC2F9825EF1A58A8C17DDDF629A21ABFA2473A1EB7D1ADDE01D17F1D7"
"03_ESTILOS/DIMENSION_4/PERFIL_ESTILO_DIMENSION_4.txt","345","500450088E798B1DCAAE2600E8621E236A77A617FB87A54CC65993EAE46E4700"
"04_CATALOGO_ASSETS/CATALOGO_ASSETS_UI.csv","14234","079F8607BF1688EC1FCA5F8D509FAEC17DB5F0F3353A2ABC790096C4A9D8305C"
"04_CATALOGO_ASSETS/INSTRUCCIONES_CATALOGO.txt","2248","DEF48A1A3265431C68C69A49E1FA8A8BD725B5B0C5302AEECB422E11063F5891"
"04_CATALOGO_ASSETS/MAPA_REUTILIZACION_Y_ORIGEN_UI.md","13225","1AA69490203DC73E202D65FA2616E84117298305C4AA10BD2DA9588397892667"
"04_HERRAMIENTAS/CleanGeneratedRelicAlpha.ps1","1742","566240932B227E16882C16FADE28B32C02577BB70A71BF87AA8D3F2224E999C1"
"05_REFERENCIAS/DIMENSION_1/ANILLO_DE_RESTOS/arte_elegido_anillo_de_restos_2026-08-21.png","291564","915463A9171AE2AB8456335AF847B4B0B92D144ECB183C2008B631C0AD08D10C"
"05_REFERENCIAS/DIMENSION_1/ANILLO_DE_RESTOS/ORIGEN_Y_ESTADO.txt","669","D2B3CE2A13A6587CA7C3882896F69697CF2A48157A7AE228079D1A9983CB0FE6"
"05_REFERENCIAS/DIMENSION_1/ARBOL_CUANTICO/ORIGEN_Y_ESTADO.txt","1318","DD0665F20A00EC81813B80E29949523884A85DDEBBCABA57F1721841091AA968"
"05_REFERENCIAS/DIMENSION_1/ARBOL_CUANTICO/referencia_arbol_cuantico_orbital_v1.png","1929888","04D67EE5BC4C051DB45D4F5E4ECC93548752495FD99CA3B3380A5AF1442A3171"
"05_REFERENCIAS/DIMENSION_1/ARK_CENTRO_GALACTICO/ORIGEN_Y_ESTADO.txt","423","EE0F5F66675CBA42B065636185CEB3CC2B21BDB8F80D5FE482E392801C7D85C5"
"05_REFERENCIAS/DIMENSION_1/ARK_CENTRO_GALACTICO/referencia_ark_centro_galactico_v1.png","1189907","B738900900591B9DB7B7F3ABC1AB621FB8A2F824D1479785924FF2D9BE3C15CD"
"05_REFERENCIAS/DIMENSION_1/CARTA_GALACTICA/CAPTURA_CANDIDATA_V12_NEUTRAL_1080x1920.png","804573","EDA714C9F5CA00CEEAEE4E5D866F6C420BC680CED9780967BD4A0CBFBE59A94E"
"05_REFERENCIAS/DIMENSION_1/CARTA_GALACTICA/CAPTURA_CANDIDATA_V12_NEUTRAL_720x1280.png","416369","1C5C937AED62065B0888E9975F9CEDEAC112116ACE62072F34AD0670ABDEA4B1"
"05_REFERENCIAS/DIMENSION_1/CARTA_GALACTICA/CAPTURA_CANDIDATA_V12_SELECCIONADA_1080x1920.png","837779","A274DD8FB79773DC6593136D3257DDDA88FFB0A41266A1304C3DEBCD84592D0E"
"05_REFERENCIAS/DIMENSION_1/CARTA_GALACTICA/CAPTURA_CANDIDATA_V12_SELECCIONADA_720x1280.png","426739","242D3267BA9001B576057B9DA53E2F49AFBA81804B548ED19CC976D28B28F42D"
"05_REFERENCIAS/DIMENSION_1/CARTA_GALACTICA/CONCEPTO_APROBADO_SISTEMA_ORBITAL_V12_2026-08-21.png","219275","59A893B5AE206F4E5C737AFE8B4390408D7E9A7C572B7A8B4AC290EEF0FE721A"
"05_REFERENCIAS/DIMENSION_1/CARTA_GALACTICA/concepto_arte_centro_galactico_2026-08-21.png","888181","DD419D244C6B649ECE69462A227CFF1E8710237DFA0F749CFC412B8195B084D2"
"05_REFERENCIAS/DIMENSION_1/CARTA_GALACTICA/ORIGEN_Y_ESTADO.txt","1613","962B30E182FFC54131BDC6B74376B3E872FD49F671C8B04100D7EE6183772B41"
"05_REFERENCIAS/DIMENSION_1/CARTA_GALACTICA/referencia_carta_galactica.png","1431829","341F2030CBB831AC301B7BDDC2C80E7C1C27527119D2575320D19369E9FCC9EA"
"05_REFERENCIAS/DIMENSION_1/CENTRO_DE_MANDO/concepto_elegido_redisenio_2026-08-21.png","803578","99A7BF2BF09FBD4A944984832882BF5542AEA3EE63B2C21106AC2B43AFFA0AAB"
"05_REFERENCIAS/DIMENSION_1/CENTRO_DE_MANDO/cristal_cuantico_aprobado_alto_detalle_2026-08-21.png","155993","04025AE614ABB779DD18ACC30B8D4B5CA69325A502CE3D002ED79EF15BE0C65F"
"05_REFERENCIAS/DIMENSION_1/CENTRO_DE_MANDO/cristal_y_fondo_a_conservar_2026-08-21.png","303282","E8202E2BC9E9BC5D9EAD9FF6D0629C306D322C1A61611E99C7FC9030EC8E229B"
"05_REFERENCIAS/DIMENSION_1/CENTRO_DE_MANDO/iconos_aprobados_detalle_medio_alto_2026-08-21.png","84168","4AFE3261DE5D15BDD4BD766B3BAE1EBD1ABAC43B431AB57AFC8A99883687AC06"
"05_REFERENCIAS/DIMENSION_1/CENTRO_DE_MANDO/ORIGEN_Y_ESTADO.txt","634","FAB6C2ECB656625EC221EB7BB0FBAF3F5F0FA04D61CFA548A0F84EF9A3968343"
"05_REFERENCIAS/DIMENSION_1/CENTRO_DE_MANDO/referencia_centro_de_mando.png","1075861","DD275E981C946BD03F5445FE8FD4F5A04D4EF2EE44D3BDA6655A60BAA7F00DC6"
"05_REFERENCIAS/DIMENSION_1/CENTRO_DE_MANDO/revision_emblema_anterior_2026-08-21.png","6296","FE5076D7EED9C3B7700DF3873488F84D1AAA4E27DF9919E3E6F5D28C477875B6"
"05_REFERENCIAS/DIMENSION_1/EXPEDICION_COMPLETADA/ORIGEN_Y_ESTADO.txt","422","B00EFC1E70787C3DAE413ED9FD5D9C0896E2A223208671D176E0655ED46C858F"
"05_REFERENCIAS/DIMENSION_1/EXPEDICION_COMPLETADA/referencia_expedicion_completada_v1.png","861559","A076088DB566B5B3BB2B4696B07718FA17704A76832308C2C50C34AFD8D1448F"
"05_REFERENCIAS/DIMENSION_1/EXPLORAR/concepto_elegido_redisenio_2026-08-21.png","631043","23366F97D908C788317300BACF17E84DBFEBDFED288AD85E8E5CBE886B167CE8"
"05_REFERENCIAS/DIMENSION_1/EXPLORAR/ORIGEN_Y_ESTADO.txt","750","9A85DCDF678E66A70CA85576B4864F6E733EF20FBEF3FDDAC013CFB57B2414C8"
"05_REFERENCIAS/DIMENSION_1/EXPLORAR/referencia_explorar.png","549142","A78FFA13ED6ABB0C7790279817743F2575B21C8C29C263890C7FC935DA614532"
"05_REFERENCIAS/DIMENSION_1/EXPLORAR/revision_cambio_sector_contextual_2026-08-21.png","339429","0DAA9913E00E2C424D7D8A1FEDEC92FF64D73A87BD3236CACCD8B2F793A85B86"
"05_REFERENCIAS/DIMENSION_1/HANGAR/ORIGEN_Y_ESTADO.txt","944","3AC10A8A8312EB29C2AC451DEF864BC1EBF3E56E0290333AEC6D0A883898B82F"
"05_REFERENCIAS/DIMENSION_1/HANGAR/referencia_hangar.png","1009645","7D1FC4516C4D903C26ED473BB498C783F68058921B06683F1E5716370325BD4E"
"05_REFERENCIAS/DIMENSION_1/INVENTARIO_METALES/referencia_inventario_metales_v1.png","1019738","3E54D86B231A741795D22430A4784FF21A0A0100D34919AB6BFD29305226A7AC"
"05_REFERENCIAS/DIMENSION_1/ORBITAS_ANTIGUAS/ORIGEN_Y_ESTADO.txt","585","E6B813619C763626687E284DECAED30952972E1F627DE7419775EFB1ED3D5765"
"05_REFERENCIAS/DIMENSION_1/ORBITAS_ANTIGUAS/referencia_orbitas_antiguas_v1.png","1059473","5674533F1DE4782DB8CC936507C0C74CB62CD14E40D661E8DE41E4D63F1D3937"
"05_REFERENCIAS/DIMENSION_1/REGISTRO_EXPEDICIONES/ORIGEN_Y_ESTADO.txt","546","F2E74B2E7F01D198F5606F446C6F1D9E2952785F7CC8618443067B2AAE6E3417"
"05_REFERENCIAS/DIMENSION_1/REGISTRO_EXPEDICIONES/referencia_registro_expediciones_v1.png","1079205","4E20001BD2E510E363B3F44160872C2CDBE71AB832898D92890BB557EAFA594A"
"05_REFERENCIAS/DIMENSION_1/RELIQUIAS/referencia_reliquias.png","927359","BC85FE9168751E099CE19DB6F015857B66D7E952C8213496A4D09521A81C38A4"
"05_REFERENCIAS/DIMENSION_2/CANDIDATAS_2026-08-19/01_Mapa_De_Los_Pactos_Corregido.png","2850431","2A7BB709416F7A0E3F652B2F6F5CBF0A56A3ED6AFEB027CF4EA7936DD09BC6E3"
"05_REFERENCIAS/DIMENSION_2/CANDIDATAS_2026-08-19/02_El_Santuario_Refugio_Corregido.png","2628523","76FB01A1E4D27F0C461D9119800F8ACA550EC4E2D7BB3CF27D5659D6B8A46838"
"05_REFERENCIAS/DIMENSION_2/CANDIDATAS_2026-08-19/03_Altares_Del_Santuario_Corregido.png","2400046","DECB3D9F97CE0E9E80C4B0CB06C92AA06665B0F553E50356C116DFC32130A350"
"05_REFERENCIAS/DIMENSION_2/CANDIDATAS_2026-08-19/04_Peregrinaciones_Corregidas.png","2111187","FD7360DE2CB70AD5A604DFEB7F190DD64ABB7D86D51B20D65A842DF867F87C97"
"05_REFERENCIAS/DIMENSION_2/CANDIDATAS_2026-08-19/05_Noviciado_Corregido.png","2217744","86B72AE2C5A81AF48FE526EC4CEB996C4F9F772D4290D45D57942F4768279706"
"05_REFERENCIAS/DIMENSION_2/CANDIDATAS_2026-08-19/06_Ritos_Del_Santuario_Corregidos.png","2373569","7993B8F4A773AB26BAFBC7D34EE992CDFB3520346CBE1C628D0BAB762471C3CB"
"05_REFERENCIAS/DIMENSION_2/CANDIDATAS_2026-08-19/07_Pactos_De_Civilizacion_Corregidos.png","2491482","F19AF82651EAF9F26CD2CB6E349EFC803B8D659DB5B0D2C429134BC246E19E1A"
"05_REFERENCIAS/DIMENSION_2/CANDIDATAS_2026-08-19/08_Umbral_Lugar_De_Vinculo_Corregido.png","2593774","792A7E4FED426B9E3F45B8BDD49D2E4A5D76B31C06E82B82379763B102A84E0B"
"05_REFERENCIAS/DIMENSION_2/CANDIDATAS_2026-08-19/09_Red_De_Resistencia_Regiones_Corregida.png","2538411","9E65CEACCF85020762994FFEC3FC34C48E97A127BA11A1B4BF124A635C99AA68"
"05_REFERENCIAS/DIMENSION_2/CANDIDATAS_2026-08-19/10_Operaciones_De_Resistencia_Corregidas.png","2112676","C80152B68A123296DFA728DAE1CE9E0574CC647CBAB5184C4456A1CDCAF1194A"
"05_REFERENCIAS/DIMENSION_2/CANDIDATAS_2026-08-19/11_Defensa_Y_Represalias_Corregida.png","2392776","27B8037F939AFBB10CEECB0A360F00738C8DC4DFE54AA07185BCF74729170F86"
"05_REFERENCIAS/DIMENSION_2/CANDIDATAS_2026-08-19/12_Resistencia_Y_Pactos_Corregida.png","2415100","57BE41E91CA0F1EF4164A66FF8A56C0EA0F67449150A7F3912C8E2D05DFDCC5D"
"05_REFERENCIAS/DIMENSION_2/CANDIDATAS_2026-08-19/13_Alerta_Del_Ente_Corregida.png","2455471","D487A8B73FC9FD22669952470B87317B0A0CE2FFD5230BC3F09813C3B667B95D"
"05_REFERENCIAS/DIMENSION_2/CANDIDATAS_2026-08-19/14_Contencion_Intento_Corregida.png","2442449","ED91E839A2E4B6F284A4943E3A1A083D383D5580986CBD15EB86564FC97D5759"
"05_REFERENCIAS/DIMENSION_2/CANDIDATAS_2026-08-19/15_Pacto_Mayor_Civilizacion2_Corregido.png","2357231","D9E786E7C2D69556F600AE3010D1C772BAE57D4ED70207A6491D2F665C1A2D6A"
"05_REFERENCIAS/DIMENSION_2/CANDIDATAS_2026-08-19/16_Ruinas_Sepultadas_Arqueologia_Corregida.png","2210502","48CD91F2E90CCF75D96A061989DED962D7FEDD1348420446C2BC29AE37FBE04D"
"05_REFERENCIAS/DIMENSION_2/CANDIDATAS_2026-08-19/17_Analizar_Restos_Corregido.png","2144637","12E1D43A81D750DE0A9B85BD7D17FD7F14318F35B7FB83179C6191F0824F50BF"
"05_REFERENCIAS/DIMENSION_2/CANDIDATAS_2026-08-19/18_Archivo_Mejoras_Permanentes_Corregido.png","2653979","B6CE5FC0F88462813B1CB1479988F809066894A9740E31BD0B57278A771FB9B2"
"05_REFERENCIAS/DIMENSION_2/CANDIDATAS_2026-08-19/19_Investigacion_Del_Ente_Corregida.png","2313506","76428D8C9B3471053B591D6341B929B7B9D3DDABB5EC863499DC358AFE46E226"
"05_REFERENCIAS/DIMENSION_2/CANDIDATAS_2026-08-19/20_Pacto_Opcional_Con_El_Ente_Corregido.png","2382663","63F0095BD4DB535CF868D44471C164A98FCC3665A2F629B56F686E4AC8773D8A"
"05_REFERENCIAS/DIMENSION_2/CANDIDATAS_2026-08-19/ORIGEN_Y_ESTADO.txt","1926","389211F2183FAAA3895C4940AF87ADB579360EC29DB758A35201D3EC6EE90DEB"
"05_REFERENCIAS/DIMENSION_2/CORREGIDAS_V2_2026-08-19/01_Mapa_De_Los_Pactos_Corregido_V2.png","2678713","0FA8E195FF382E2F51AD8D9EF8CE965834BE296CDC84DA29C3F80F9E6A2602FB"
"05_REFERENCIAS/DIMENSION_2/CORREGIDAS_V2_2026-08-19/04_Peregrinaciones_Corregidas_V2.png","2090755","3F50BB7893E9F7CD3053BF707C4ED8AB2F509E14852E8EBC25457E603751CEF9"
"05_REFERENCIAS/DIMENSION_2/CORREGIDAS_V2_2026-08-19/ORIGEN_Y_ESTADO.txt","1023","DA5C53D36C270C1B6EABAF12333E00FB4602ACC649FB1F86CD8A35704C4BA653"
"05_REFERENCIAS/DIMENSION_2/CORREGIDAS_V3_2026-08-19/01_Mapa_De_Los_Pactos_Corregido.png","2587443","E907C2EE2D0B023DC49CBA5803E2FF9CC14F060E5A5171FD5A1E75735C2B96DE"
"05_REFERENCIAS/DIMENSION_2/CORREGIDAS_V3_2026-08-19/02_El_Santuario_Refugio_Corregido.png","2419644","2F805C2758BD6DC20E52E3ACAB8A52DF963C456CC0023B33CA0E584EE859D8A2"
"05_REFERENCIAS/DIMENSION_2/CORREGIDAS_V3_2026-08-19/03_Altares_Del_Santuario_Corregido.png","2291241","4B50C8E91975EC5AA50CC555D2C1EED224F6261471615CC12C3B5B47D917AFA3"
"05_REFERENCIAS/DIMENSION_2/CORREGIDAS_V3_2026-08-19/04_Peregrinaciones_Corregidas.png","2090755","3F50BB7893E9F7CD3053BF707C4ED8AB2F509E14852E8EBC25457E603751CEF9"
"05_REFERENCIAS/DIMENSION_2/CORREGIDAS_V3_2026-08-19/05_Noviciado_Corregido.png","2210929","4AF919491443E729A9122BF236D8C6F3FA75017FAD84D93EA9AD478FE98647B5"
"05_REFERENCIAS/DIMENSION_2/CORREGIDAS_V3_2026-08-19/06_Ritos_Del_Santuario_Corregidos.png","2269743","1BDF8D991636EAF0AEF5491F2DA0BEF78AAAE087E90B991B18309240FD2C33E4"
"05_REFERENCIAS/DIMENSION_2/CORREGIDAS_V3_2026-08-19/07_Pactos_De_Civilizacion_Corregidos.png","2339145","D1D7765323DA9282A19A0A3C111D3CC8AD938E842D39A12414FE64D0F323CAC2"
"05_REFERENCIAS/DIMENSION_2/CORREGIDAS_V3_2026-08-19/08_Umbral_Lugar_De_Vinculo_Corregido.png","2491713","C6F20F09641555EE1DBC6780DE7988B23F51B06C2E9CE42D02ADD6EFCCF3569F"
"05_REFERENCIAS/DIMENSION_2/CORREGIDAS_V3_2026-08-19/09_Red_De_Resistencia_Regiones_Corregida.png","2479302","D66F89F2E31068E1884F0BCE9287E8A85F05EB23636AAE55204B9A9D86453943"
"05_REFERENCIAS/DIMENSION_2/CORREGIDAS_V3_2026-08-19/10_Operaciones_De_Resistencia_Corregidas.png","2112676","C80152B68A123296DFA728DAE1CE9E0574CC647CBAB5184C4456A1CDCAF1194A"
"05_REFERENCIAS/DIMENSION_2/CORREGIDAS_V3_2026-08-19/11_Defensa_Y_Represalias_Corregida.png","2327970","0B8AD7C2184B4004F35AFA2BAC0CB90B77808D0C173771705586CC09E3B6E81E"
"05_REFERENCIAS/DIMENSION_2/CORREGIDAS_V3_2026-08-19/12_Resistencia_Y_Pactos_Corregida.png","2415100","57BE41E91CA0F1EF4164A66FF8A56C0EA0F67449150A7F3912C8E2D05DFDCC5D"
"05_REFERENCIAS/DIMENSION_2/CORREGIDAS_V3_2026-08-19/13_Alerta_Del_Ente_Corregida.png","2378067","973DCFC6C199D0AEFF3A3169FE42ADBCBB8A34FC92248CB7F55524DCCA30DAB8"
"05_REFERENCIAS/DIMENSION_2/CORREGIDAS_V3_2026-08-19/14_Contencion_Intento_Corregida.png","2315195","9F9968539BD6194AD5832B4A56B514B31177D3886A1E4A31E07A8EE4EFDD0DA3"
"05_REFERENCIAS/DIMENSION_2/CORREGIDAS_V3_2026-08-19/15_Pacto_Mayor_Civilizacion2_Corregido.png","2288910","F61C30E6CECF170264475D133E816C669C4929D35AA635615EA722A94C9D3688"
"05_REFERENCIAS/DIMENSION_2/CORREGIDAS_V3_2026-08-19/16_Ruinas_Sepultadas_Arqueologia_Corregida.png","2210502","48CD91F2E90CCF75D96A061989DED962D7FEDD1348420446C2BC29AE37FBE04D"
"05_REFERENCIAS/DIMENSION_2/CORREGIDAS_V3_2026-08-19/17_Analizar_Restos_Corregido.png","2085839","0EB4CB354CDD2A91BB5DF1485B71E6D8C77C216FA70638C93AA6C1FB068CE410"
"05_REFERENCIAS/DIMENSION_2/CORREGIDAS_V3_2026-08-19/18_Archivo_Mejoras_Permanentes_Corregido.png","3054697","6E3C07FD5847E59934E09DF56F004B309BEDE8A73F4281D3047C589E2AC381E4"
"05_REFERENCIAS/DIMENSION_2/CORREGIDAS_V3_2026-08-19/19_Investigacion_Del_Ente_Corregida.png","2224561","171E4E7674566D8BE04A7EE78C451384849CFC30986D3EFFB01BBC820FCBBE31"
"05_REFERENCIAS/DIMENSION_2/CORREGIDAS_V3_2026-08-19/20_Pacto_Opcional_Con_El_Ente_Corregido.png","2789311","24D4D1FFD8CB14AC635A5D7BA04CEAC1A795FC92293933314327290B4429107E"
"05_REFERENCIAS/DIMENSION_2/CORREGIDAS_V3_2026-08-19/ORIGEN_Y_ESTADO.txt","1827","F8A8557BDF5161D817050B57F957DADDCDB84CDD6DE41AFA49498EF56AD9F125"
"05_REFERENCIAS/DIMENSION_2/CORREGIDAS_V4_2026-08-21/01_Mapa_De_Los_Pactos_Corregido_V4.png","2561738","3111A730C4B37BB688F29790111DB34045029FD57AF173121785B7CE2EA86123"
"05_REFERENCIAS/DIMENSION_2/CORREGIDAS_V4_2026-08-21/01_Mapa_De_Los_Pactos_Corregido_V5.png","3404099","A199660D8728DD012F6F4723DDD068FAB8C5CC36602B53750E51FC6BEE59770E"
"05_REFERENCIAS/DIMENSION_2/CORREGIDAS_V4_2026-08-21/02_El_Santuario_Refugio_Corregido_V4.png","3397904","25547CD350BA059344CB27731F0648DF44C87DFE460780AB080EE398FF958274"
"05_REFERENCIAS/DIMENSION_2/CORREGIDAS_V4_2026-08-21/03_Altares_Del_Santuario_Corregido_V4.png","3113470","7E6B064C42C7C1A8AEF25734786498225375F1442E331CC6F5CFC3502E481B4B"
"05_REFERENCIAS/DIMENSION_2/CORREGIDAS_V4_2026-08-21/04_Peregrinaciones_Corregidas_V4.png","3167474","D8B946EDF4F3574694F1F6E56EEA570A727F9E289FFFAA7FFFCA04BF65903F88"
"05_REFERENCIAS/DIMENSION_2/CORREGIDAS_V4_2026-08-21/05_Noviciado_Corregido_V4.png","2210929","4AF919491443E729A9122BF236D8C6F3FA75017FAD84D93EA9AD478FE98647B5"
"05_REFERENCIAS/DIMENSION_2/CORREGIDAS_V4_2026-08-21/06_Ritos_Del_Santuario_Corregidos_V4.png","3012778","C212C68A1EE8C350EB79BB6679EFC83D072738AAB09937800EE04C7B9442BC78"
"05_REFERENCIAS/DIMENSION_2/CORREGIDAS_V4_2026-08-21/07_Pactos_De_Civilizacion_Corregidos_V4.png","2288928","D874A14CD77F56412AFE5FC2F624630DFE53D560055FF6CE8A31F035EBB68746"
"05_REFERENCIAS/DIMENSION_2/CORREGIDAS_V4_2026-08-21/08_Pacto_Lugar_De_Vinculo_Corregido_V4.png","2405915","23FC0E846C869198440F6DBD2D747F19125AFE4E1DFB95955217063D27C7AFCF"
"05_REFERENCIAS/DIMENSION_2/CORREGIDAS_V4_2026-08-21/09_Red_De_Resistencia_Regiones_Corregida_V4.png","2368930","F72B6EB2F0390A113907877AAAB008234ABC1E340C4E00EF9F85AA0412DC8733"
"05_REFERENCIAS/DIMENSION_2/CORREGIDAS_V4_2026-08-21/10_Operaciones_De_Resistencia_Corregidas_V4.png","2817072","E36810D4C8EA8CC6D137AADB77BC3F9173B5E5FB7149C07B1ADD260B8D0F6491"
"05_REFERENCIAS/DIMENSION_2/CORREGIDAS_V4_2026-08-21/11_Defensa_Y_Represalias_Corregida_V4.png","3163155","DAD5AB0F938809D1D67103B0DDBF06DA8BAE84BCB4AF3BEB0255E72DE877BFAA"
"05_REFERENCIAS/DIMENSION_2/CORREGIDAS_V4_2026-08-21/12_Resistencia_Y_Pactos_Corregida_V4.png","3341845","7D7BE8AA8D19B16D7B535F55412B6E8AA2537C49C9CA2EEF168794F05565D997"
"05_REFERENCIAS/DIMENSION_2/CORREGIDAS_V4_2026-08-21/13_Alerta_Del_Ente_Corregida_V4.png","3209703","3D699708D6A36FCDACA923369E38EA882E4EED34B492F94C2DF41B348016BBB6"
"05_REFERENCIAS/DIMENSION_2/CORREGIDAS_V4_2026-08-21/14_Contencion_Intento_Corregida_V4.png","2932701","C4A61ED19D9CF9410AD094D66FD653B463B62A009307939F4AA76BDD67D0BFC8"
"05_REFERENCIAS/DIMENSION_2/CORREGIDAS_V4_2026-08-21/15_Pacto_Mayor_Civilizacion2_Corregido_V4.png","3104579","758FB6BBFED4C6E0F28CCD977C9D223DC61E6A60D69A4E9E9C17533DC0A44EFF"
"05_REFERENCIAS/DIMENSION_2/CORREGIDAS_V4_2026-08-21/16_Ruinas_Sepultadas_Arqueologia_Corregida_V4.png","2191181","26564F6CE769FC2A5C0EB1B9769F87B91375324ADEA36C3149B68CE854551C8E"
"05_REFERENCIAS/DIMENSION_2/CORREGIDAS_V4_2026-08-21/17_Analizar_Restos_Corregido_V4.png","3131984","E811041EA939D704DEEDDACCA18E60C1ECAE792D72AAD05A6767E5B24F11D190"
"05_REFERENCIAS/DIMENSION_2/CORREGIDAS_V4_2026-08-21/18_Archivo_Mejoras_Permanentes_Corregido_V4.png","3292070","B38D55DCB68FE3546572D17C2F2EF1497EED103E928F825B6A31407A43810A48"
"05_REFERENCIAS/DIMENSION_2/CORREGIDAS_V4_2026-08-21/19_Investigacion_Del_Ente_Corregida_V4.png","3031930","3310ED7B9BF9B8D86742D7FAE15684B5CF75787363A9AFF116949C950A629764"
"05_REFERENCIAS/DIMENSION_2/CORREGIDAS_V4_2026-08-21/19_Investigacion_Del_Ente_Corregida_V5.png","2152529","BE4FEF9C6AE205139A9A5EB50E650916CC8A689646EC7269825DA1ED00C6E5D7"
"05_REFERENCIAS/DIMENSION_2/CORREGIDAS_V4_2026-08-21/20_Pacto_Opcional_Con_El_Ente_Corregido_V4.png","3058829","955538C493413FF21DD7B7C99BE5515F845BF94F1E6D23530E5FB17661E9EDD4"
"05_REFERENCIAS/DIMENSION_2/CORREGIDAS_V4_2026-08-21/20_Pacto_Opcional_Con_El_Ente_Corregido_V5.png","2204762","763920527D0B6FCBE0E9EB5BE83E5DE30CCE456E38DFE0BEE7010E4F31EF127E"
"05_REFERENCIAS/DIMENSION_2/CORREGIDAS_V4_2026-08-21/ORIGEN_Y_ESTADO.txt","3949","328F85603130B1A29ED6C1C4F13BDFB3F2ABA50095D3C9B69943CE660E626F52"
"05_REFERENCIAS/DIMENSION_2/PRIMERA_ENTRADA_2026-08-24/CANDIDATA_INTRODUCCION_D2_PRIMERA_ENTRADA_V1.png","2719913","D758791919A9C96FB87DC471AD276D4A7F54AF8C56BC38291FCD2E4A43590714"
"05_REFERENCIAS/DIMENSION_2/PRIMERA_ENTRADA_2026-08-24/CANDIDATA_INTRODUCCION_D2_PRIMERA_ENTRADA_V2.png","2437181","576324976256D64CD200B81A1E4D63F9F7A4CAD3D6A96FC777FC141FB5EBF72D"
"05_REFERENCIAS/DIMENSION_2/PRIMERA_ENTRADA_2026-08-24/ORIGEN_Y_ESTADO.txt","2915","F99DFE8C76F60FA9FCCEE2389C9D97B98DB5F3143B1C170C6EF8C7CFE44675B8"
"05_REFERENCIAS/DIMENSION_2/PRIMERA_ENTRADA_2026-08-24/REFERENCIA_ELEGIDA_D2_PRIMERA_ENTRADA_2026-08-24.png","1742405","EE494D4AF41C1B5E38B1CBAC32B360198ED9139B0D562E4ACDC7C70EAE4D7B11"
"05_REFERENCIAS/DIMENSION_3/PAQUETE_CANDIDATO_2026-08-19/00_Principal_Planta_Produccion.png","2078473","67EFC8E2B824D7997DB193CA5F0EBE502D3747D575E4593E8DA9F3B2071C11C8"
"05_REFERENCIAS/DIMENSION_3/PAQUETE_CANDIDATO_2026-08-19/01_Principal_Taller_Ingenieria_Calibracion.png","2040758","42BE12366CB8979A906429DCE817809568956D2D7241705F4C18B941CB755D13"
"05_REFERENCIAS/DIMENSION_3/PAQUETE_CANDIDATO_2026-08-19/02_Principal_Sala_Control_Nucleo.png","2121156","58304775927511D92C87D8730A91BB50E88C1C9F9A30673ABC047E01373E5E13"
"05_REFERENCIAS/DIMENSION_3/PAQUETE_CANDIDATO_2026-08-19/03_Subpantalla_Automatas.png","2068720","29CE3A6CDC952527FA41B091DFAB76B658BBFBA278A9CA540BA632E27B7CCE63"
"05_REFERENCIAS/DIMENSION_3/PAQUETE_CANDIDATO_2026-08-19/04_Subpantalla_Investigacion.png","2114321","B1073B1EB5857343B2541FD098122D0C31A6BBE51CDBD70D3E87C0DABA099178"
"05_REFERENCIAS/DIMENSION_3/PAQUETE_CANDIDATO_2026-08-19/05_Subpantalla_Construccion_Mejoras.png","2172743","13E4131426F13DEC1FF17F61F7949558DB46E5A97D60E75A6F626C1E9FAC5AC4"
"05_REFERENCIAS/DIMENSION_3/PAQUETE_CANDIDATO_2026-08-19/06_Subpantalla_Consola.png","2366643","808A57AA171074CF81229143FBB341824F9DB9DAF4B1AE4C0AE6C87F22530421"
"05_REFERENCIAS/DIMENSION_3/PAQUETE_CANDIDATO_2026-08-19/07_Subpantalla_Diagnostico.png","2347084","1BF662417639700B16BE0D9D99172C531C516340203B6B1191E9175D96D244E4"
"05_REFERENCIAS/DIMENSION_3/PAQUETE_CANDIDATO_2026-08-19/08_Subpantalla_Puerto_Expedicion.png","2207743","6576AF3069D23D14240E4608F7FAA6CBD3BA200BFA8D911C58C62B3E5280AE51"
"05_REFERENCIAS/DIMENSION_3/PAQUETE_CANDIDATO_2026-08-19/09_Subpantalla_Rutinas.png","2315667","7596A171D5C114A98947E85EB6C643BA23A70020D04FE53887B8F7069786564E"
"05_REFERENCIAS/DIMENSION_3/PAQUETE_CANDIDATO_2026-08-19/10_Panel_Global_Colas.png","1854729","0945FEBB45CED127DE4C67E04F65D942185C5D95FD763A121DB624ED8FE75E9D"
"05_REFERENCIAS/DIMENSION_3/PAQUETE_CANDIDATO_2026-08-19/ORIGEN_Y_ESTADO.txt","642","A01BA96BFA19E69743BAFA71718A33E33634C34F0564F6F59842D1DFC474DA6C"
"05_REFERENCIAS/DIMENSION_3/PLANTA_PRODUCCION/ORIGEN_Y_ESTADO.txt","871","66259339A0893B9BC81775680804F7954E127DA712ED73E978D6EEC11E705C43"
"05_REFERENCIAS/DIMENSION_3/PLANTA_PRODUCCION/referencia_planta_produccion_original.png","2078473","67EFC8E2B824D7997DB193CA5F0EBE502D3747D575E4593E8DA9F3B2071C11C8"
"05_REFERENCIAS/LEEME.txt","934","8B8DE55C2FB172E2758B7517A5325A8FB5B0619ACA82B195EC2D66C93AA6B5FF"
"05_REFERENCIAS/MAQUINA/MOCKUP_MOVIL_MONOLITO_2026-08-25/mockup_monolito_sector1_cercano_nodo_seleccionado_v01.png","2364283","0BA3F24AD81C8440B40517D8F9EA43485B806DB51EDB1ED4433A13CA11D4332A"
"05_REFERENCIAS/MAQUINA/MOCKUP_MOVIL_MONOLITO_2026-08-25/mockup_monolito_vista_general_cerrada_v01.png","2081207","5F28601A1A7E2C7AD115338B474011A15126DB4526462B5956AC7AE7EE132F85"
"05_REFERENCIAS/MAQUINA/MOCKUP_MOVIL_MONOLITO_2026-08-25/NOTA_MOCKUPS_V02.txt","396","45A503674B704420F8E38E7D0306F4822B8F572D6F23C74EAE4FBDA3B1382FBC"
"05_REFERENCIAS/MAQUINA/MOCKUP_MOVIL_MONOLITO_2026-08-25/ORIGEN_Y_ESTADO.txt","2935","6AE271341C955EDF2C096BEE22CAC154A364F174C55934A936CC0DECE00D0B33"
"05_REFERENCIAS/MAQUINA/MOCKUPS_MONOLITO_2D_PROGRESION_SECTORES_VIGENTES_2026-08-25_v01.zip","13175758","7477070E31886A785D413368F930826966CF647F5098FD640849F3319DAD1459"
"05_REFERENCIAS/MAQUINA/MONOLITO_2D_2026-08-24/concepto_monolito_cerrado_tapa_superior_izquierda_abierta_v01.png","2669452","F3989DE650F66CDAAF9CBB1F49FA93C41923CE808CC205CDB77035C0D8257C65"
"05_REFERENCIAS/MAQUINA/MONOLITO_2D_2026-08-24/concepto_monolito_tapa_inferior_derecha_11_nodos_v01.png","2375413","A83981269F766C2BE03D927BFD062DC79CB959D0F2AA297428A3FE4564A379A7"
"05_REFERENCIAS/MAQUINA/MONOLITO_2D_2026-08-24/concepto_monolito_tapa_inferior_izquierda_10_nodos_v01.png","2430291","675923735BCD2B345BEE1E9371CA13B8A2C382C55DE92B28D29B59018AECD681"
"05_REFERENCIAS/MAQUINA/MONOLITO_2D_2026-08-24/concepto_monolito_tapa_inferior_izquierda_10_nodos_v02.png","2369554","207A7F20C37F79735C44F367B2177F350CF6EB2CAF75112860E985715F4F8129"
"05_REFERENCIAS/MAQUINA/MONOLITO_2D_2026-08-24/concepto_monolito_tapa_superior_derecha_7_nodos_v01.png","2462682","E1CF1065C2275CE732F8354B5960E13D6AAE3FECB66317CD0578ECBF7F2D0432"
"05_REFERENCIAS/MAQUINA/MONOLITO_2D_2026-08-24/concepto_transicion_vista_lejana_a_circuito_7_nodos_v01.png","2721110","0AEF919261CBAC20B32DA0848B9AD06E7DD9F37F1B748901F395C1BD84CE5EC8"
"05_REFERENCIAS/MAQUINA/MONOLITO_2D_2026-08-24/ORIGEN_Y_ESTADO.txt","3635","B20804AD7B38B70D1AB1D4160AF2A1FE852E70EDF1387E93A34303047781639B"
"05_REFERENCIAS/MAQUINA/MONOLITO_2D_2026-08-25_PROGRESION_SECTORES/00_progresion_monolito_cerrado_0_a_80_v01.png","2586610","5974787531551A98800B45BA29CDEB65DD1A5B207F18ED0FD6CEFF73A1C853D1"
"05_REFERENCIAS/MAQUINA/MONOLITO_2D_2026-08-25_PROGRESION_SECTORES/01_sector_1_7_nodos_progresion_v01.png","2962424","5A34C3E46B5B049AA227AAD603D1ADBCC34FE17641F029338FE77B8D67EE3633"
"05_REFERENCIAS/MAQUINA/MONOLITO_2D_2026-08-25_PROGRESION_SECTORES/02_sector_2_11_nodos_progresion_v01.png","3032604","425FA9DE20C8BE57126CA81980003C0FB21246BAD62D49AF4C4EA7A8E20B224D"
"05_REFERENCIAS/MAQUINA/MONOLITO_2D_2026-08-25_PROGRESION_SECTORES/02_sector_2_inferior_derecha_11_nodos_progresion_v02.png","2653067","96609FAAB64E5DD46ECC361ACF5AA79CF5B6A1E1B6B620DBC5EA5B821FE22BC0"
"05_REFERENCIAS/MAQUINA/MONOLITO_2D_2026-08-25_PROGRESION_SECTORES/03_sector_3_7_nodos_progresion_v01.png","2867026","D1A61C60C7CD5452161B53DDF68873A5520D47D77958B408657247C62FA99AB4"
"05_REFERENCIAS/MAQUINA/MONOLITO_2D_2026-08-25_PROGRESION_SECTORES/03_sector_3_superior_derecha_7_nodos_progresion_v02.png","2578744","5AE7A1376D4FF6D8DC89922991A67CB4C31FBB31D06A87FA281EB40BFB67FA22"
"05_REFERENCIAS/MAQUINA/MONOLITO_2D_2026-08-25_PROGRESION_SECTORES/04_sector_4_inferior_izquierda_reservado_progresion_v02.png","2597644","D337DFCE8BCDF88F695ACD91198CB955F3FA71F5B85D156F88A02475A8FA3B94"
"05_REFERENCIAS/MAQUINA/MONOLITO_2D_2026-08-25_PROGRESION_SECTORES/04_sector_4_reservado_progresion_v01.png","2713755","2AE026B3BA48369863882DB03AF0B39FC88C906BF21826D2CCB5F2169D24C58B"
"05_REFERENCIAS/MAQUINA/MONOLITO_2D_2026-08-25_PROGRESION_SECTORES/LEEME.txt","1340","14F4189009B3F9D822E44E14BD49D5B0EB4689C949957BF8280DF0B25FF4A274"
"05_REFERENCIAS/MAQUINA/MONOLITO_2D_CORRECCIONES_INTERACCION_2026-08-26_V02/comparativa_vista_general_y_cara_cercana_v10.png","1956153","C01E3F8AC1A56BCA8538CA7389C90D67F1EAB58F8D7FB38C34EA415DC245A333"
"05_REFERENCIAS/MAQUINA/MONOLITO_2D_CORRECCIONES_INTERACCION_2026-08-26_V02/LEEME.txt","15104","4030C4C63281449B56A255A8F83032DDE1E2EFA472C4CC47AACC2012CE18501C"
"05_REFERENCIAS/MAQUINA/MONOLITO_2D_CORRECCIONES_INTERACCION_2026-08-26_V02/machine_abandoned_alien_lab_background_v01.png","2591842","11020CFF522F827367D887665E25714C208A27CB6622F8C3ED7E9381A8FE2CC1"
"05_REFERENCIAS/MAQUINA/MONOLITO_2D_CORRECCIONES_INTERACCION_2026-08-26_V02/machine_abandoned_alien_lab_background_v02.png","2335741","909617E93DA346C9FEDB04E0009585135F75C983CB9E68CA206337E7EAE7E260"
"05_REFERENCIAS/MAQUINA/MONOLITO_2D_CORRECCIONES_INTERACCION_2026-08-26_V02/machine_destroyed_containment_lab_background_square_v05.png","2875985","11E4AF32AC63DC933DE7ADDC84ED90541E40290668CE3A0C3A6E4360CA38339A"
"05_REFERENCIAS/MAQUINA/MONOLITO_2D_CORRECCIONES_INTERACCION_2026-08-26_V02/machine_destroyed_containment_lab_background_v04.png","2760104","897A075CC0C3C93D91D916A97559A2852AE1AA1DE19815BFAAC3D1E22A28AF46"
"05_REFERENCIAS/MAQUINA/MONOLITO_2D_CORRECCIONES_INTERACCION_2026-08-26_V02/machine_destroyed_industrial_lab_background_square_v06.png","2459496","5EA02F3AB30337B4C3CE6A7A5937041330E75DD35BC48BAE303FA59EA46605CD"
"05_REFERENCIAS/MAQUINA/MONOLITO_2D_CORRECCIONES_INTERACCION_2026-08-26_V02/machine_destroyed_lab_grounded_cradle_square_v07.png","2485836","8B8ED834EA86488D4D3F0E733117D22DC4786339D6E438460888A1AA0E00D866"
"05_REFERENCIAS/MAQUINA/MONOLITO_2D_CORRECCIONES_INTERACCION_2026-08-26_V02/machine_destroyed_scientific_lab_background_v03.png","2464929","86E9FCCAAFAE1C7785FB498CA7F7DB36652EE3FA3766E04573D0348AC247952A"
"05_REFERENCIAS/MAQUINA/MONOLITO_2D_CORRECCIONES_INTERACCION_2026-08-26_V02/machine_lab_close_background_candidate_v18.png","2408745","65589A5798CCC9C945D0CC9374D987F200A59FA07F80F807AE37E0FB5768F1B8"
"05_REFERENCIAS/MAQUINA/MONOLITO_2D_CORRECCIONES_INTERACCION_2026-08-26_V02/machine_lab_monolith_visible_support_candidate_v08.png","2406323","3D4213FAA2D7874387E351DE67F4FDC7F2AD11D821E9EAC19B8A995BEEF04778"
"05_REFERENCIAS/MAQUINA/MONOLITO_2D_CORRECCIONES_INTERACCION_2026-08-26_V02/machine_monolith_entry_light_depth_pulse_emission_v01.png","618388","D1467D8685D776E79AAF0F235CE290A5A8C05EF398182025558994C228D884DD"
"05_REFERENCIAS/MAQUINA/MONOLITO_2D_CORRECCIONES_INTERACCION_2026-08-26_V02/machine_monolith_visible_support_composite_mockup_v08.png","1981016","8B54E24D6F223711C1403F089FFD32041A98F25931679EB70ABDE1B541AF4657"
"05_REFERENCIAS/MAQUINA/MONOLITO_2D_CORRECCIONES_INTERACCION_2026-08-26_V02/mockup_sector_1_close_background_candidate_v19.png","2396990","78835EB82469F9963955E71CA5417D4CD825DC3F6E869E8E950B67A624233DA8"
"05_REFERENCIAS/MAQUINA/MONOLITO_2D_CORRECCIONES_INTERACCION_2026-08-26_V02/mockup_sector_1_close_lab_dolly_candidate_v09.png","1875384","1BEED86A0158F914DE5EC03EB5C5702053466F7B780834E50987704E4DE6EC9E"
"05_REFERENCIAS/MAQUINA/MONOLITO_2D_CORRECCIONES_INTERACCION_2026-08-26_V02/monolith_overview_progression_clean_v03.png","2107912","79F387D06311AF8F368B8BEA4BB284C6238C8C8C8F64D3764711A36FC0E308C6"
"05_REFERENCIAS/MAQUINA/MONOLITO_2D_CORRECCIONES_INTERACCION_2026-08-26_V02/monolith_sector_1_base_clean_v03.png","1947712","39E054AAD8E0D9A12A206364A518EFA07915FE1A2B2BACC0CE1F8A025AAD4C1D"
"05_REFERENCIAS/MAQUINA/MONOLITO_2D_CORRECCIONES_INTERACCION_2026-08-26_V02/monolith_sector_1_progression_v02.png","2332560","E6A67283AB28E45F8DBFC3A6FAB18423CA4C41D95E326CBD3FFE79E88BDDDC2B"
"05_REFERENCIAS/MAQUINA/MONOLITO_2D_CORRECCIONES_INTERACCION_2026-08-26_V02/monolith_sector_1_structure_progression_clean_v04.png","2158323","A2A6B614B4287054631439923A69C94FEDE054CB434E1DF3F977084BF5E12BA5"
"05_REFERENCIAS/MAQUINA/MONOLITO_2D_CORRECCIONES_INTERACCION_2026-08-26_V02/monolith_sector_2_base_clean_v03.png","1944044","9506950E4F1F3C350A57D45C90935553DD78AAA741D67088281E62BBDFF5764E"
"05_REFERENCIAS/MAQUINA/MONOLITO_2D_CORRECCIONES_INTERACCION_2026-08-26_V02/monolith_sector_2_progression_v02.png","2348862","168754B2301AAE762769C403E8257AA9EF6E2AEE67D8FF44BC040F4DC79D2E1D"
"05_REFERENCIAS/MAQUINA/MONOLITO_2D_CORRECCIONES_INTERACCION_2026-08-26_V02/monolith_sector_2_structure_progression_clean_v04.png","1909799","EF40BB1BDDDEE498FF09FFFF1222FC2113FAD98DBD5935FCBA29CF6A7DB9BB47"
"05_REFERENCIAS/MAQUINA/MONOLITO_2D_CORRECCIONES_INTERACCION_2026-08-26_V02/monolith_sector_3_base_clean_v03.png","1928302","E7F44348A2AF71EEE04A1170CC4381BE0A505BC2A95BB1551BCDC2DCD56DFE74"
"05_REFERENCIAS/MAQUINA/MONOLITO_2D_CORRECCIONES_INTERACCION_2026-08-26_V02/monolith_sector_3_progression_v02.png","2143815","02CFBDB855BD11C9F47EF0F3CCB2CAE7B3BDCBEFE31ADB9FEFEB177A3FCE94A0"
"05_REFERENCIAS/MAQUINA/MONOLITO_2D_CORRECCIONES_INTERACCION_2026-08-26_V02/monolith_sector_3_structure_progression_clean_v04.png","2340968","AD4974F7924DE6A2D5A0E362D5157739FD6B9D0F91E9269F2C0C2695990E0BA4"
"05_REFERENCIAS/MAQUINA/MONOLITO_2D_CORRECCIONES_INTERACCION_2026-08-26_V02/monolith_sector_4_reserved_clean_v03.png","1849447","BAC628A3FCE50D952A439BD07DC340CA67308254A6E017BB24A2EA9821BCA6DC"
"05_REFERENCIAS/MAQUINA/MONOLITO_2D_CORRECCIONES_INTERACCION_2026-08-26_V02/monolith_sector_4_reserved_clean_v04.png","1598570","DB70FBA6C8F6161B5B30AD4E17F19DACD14B5252DFEF8C2F6D07EE75CA121C26"
"05_REFERENCIAS/MAQUINA/MONOLITO_2D_CORRECCIONES_INTERACCION_2026-08-26_V02/reference_only_lights_and_selected_signature_v02.png","2083924","63D4197CDE6C46B0ADFD267772C2C537C4AD50E70F03CC3792ED822F3E8A7432"
"05_REFERENCIAS/MAQUINA/MONOLITO_2D_CORRECCIONES_INTERACCION_2026-08-26_V02/RESUMEN_CONTINUIDAD_MONOLITO_2D_2026-08-26_V03.txt","6065","DB04C2C5CCE80AA5A2BCB9C88E3985E48C386798E3190CFEABC822777F6F7A82"
"05_REFERENCIAS/MAQUINA/MONOLITO_2D_CORRECCIONES_INTERACCION_2026-08-26_V02/RESUMEN_CONTINUIDAD_MONOLITO_2D_2026-08-26_V04.txt","3106","9BD2ABFD579160DA32C042969CB9ACD127E9B6724B649417615C8EC9200D7689"
"05_REFERENCIAS/MAQUINA/MONOLITO_2D_CORRECCIONES_INTERACCION_2026-08-26_V02/RESUMEN_CONTINUIDAD_MONOLITO_2D_2026-08-26_V05.txt","2329","6495E7D56ECE6B602F9A20EFBBFD4A6C37EECD2764D7A1F6D0C2CE266387CFAD"
"05_REFERENCIAS/MAQUINA/MONOLITO_2D_CORRECCIONES_INTERACCION_2026-08-26_V02/RESUMEN_CONTINUIDAD_MONOLITO_2D_2026-08-26_V06.txt","2487","FAF80585B013CB88322AAEB0275BD6CD91D2475798060C5E285106C350AB802B"
"05_REFERENCIAS/MAQUINA/MONOLITO_2D_CORRECCIONES_INTERACCION_2026-08-26_V02/RESUMEN_CONTINUIDAD_MONOLITO_2D_2026-08-26_V07.txt","2385","8FE3009C8CAAA0556F84BC1E218FB768DD8CD0F50D8A213AE6CC317E2C13B3E1"
"05_REFERENCIAS/MAQUINA/MONOLITO_2D_CORRECCIONES_INTERACCION_2026-08-26_V02/RESUMEN_CONTINUIDAD_MONOLITO_2D_2026-08-26_V08.txt","2073","B20A515D4A907A699C5D7CCF28B8CA5576F944AE2CABBF9CC0C01A8667367C54"
"05_REFERENCIAS/MAQUINA/MONOLITO_2D_CORRECCIONES_INTERACCION_2026-08-26_V02/RESUMEN_CONTINUIDAD_MONOLITO_2D_2026-08-26_V09.txt","1670","E9B5385A17D8884266D64CBAEF691368347EA1FC9636025B9440B950E666C5E8"
"05_REFERENCIAS/MAQUINA/MONOLITO_2D_REDISENO_NODOS_2026-08-26_V01/00_monolito_completo_progresion_0_a_80_v01.png","2340929","F7C33A44EAA323BCCA9C5E189B1A5C6782E8B25A05F51F92744104B8EECBA97D"
"05_REFERENCIAS/MAQUINA/MONOLITO_2D_REDISENO_NODOS_2026-08-26_V01/01_sector_1_superior_izquierdo_7_nodos_progresion_v01.png","2493028","724337002AF14131B69462D8444B73852CC3343F9911EA703AB726D479084375"
"05_REFERENCIAS/MAQUINA/MONOLITO_2D_REDISENO_NODOS_2026-08-26_V01/02_sector_2_inferior_derecho_11_nodos_progresion_v01.png","2386166","68C33F6E453146AF5685EBC1A8419847791DD6C31B40CBDA9221C421A3A45C10"
"05_REFERENCIAS/MAQUINA/MONOLITO_2D_REDISENO_NODOS_2026-08-26_V01/03_sector_3_superior_derecho_7_nodos_progresion_v01.png","2279968","EB46E7077E6AB1E8F37696EBEE7117B7D83F7BA1E66AA776028F3B8591929559"
"05_REFERENCIAS/MAQUINA/MONOLITO_2D_REDISENO_NODOS_2026-08-26_V01/04_sector_4_inferior_izquierdo_reservado_progresion_v01.png","2421459","8401DB92511008100A05BB9A0953E9B0CA9A2D0AC32F603D6C3BE717E330F708"
"05_REFERENCIAS/MAQUINA/MONOLITO_2D_REDISENO_NODOS_2026-08-26_V01/LEEME.txt","2999","6B82D1E89BD6A0C6339C56CB0571FAEC1945F62036E3294B1C3E3BDEA1409BFB"
"05_REFERENCIAS/MAQUINA/PROPUESTA_CORRECCION_MONOLITO_INTERACCION_2026-08-26_V01/00_prueba_vista_general_y_sector_1_seleccionado_v01.png","2110811","9A89B634C3FD7BE82E2D9E498541AFB2A115CC6A5C06064E2AAD558CF301CF97"
"05_REFERENCIAS/MAQUINA/PROPUESTA_CORRECCION_MONOLITO_INTERACCION_2026-08-26_V01/01_referencia_aprobada_solo_luces_v02.png","2083924","63D4197CDE6C46B0ADFD267772C2C537C4AD50E70F03CC3792ED822F3E8A7432"
"05_REFERENCIAS/MAQUINA/PROPUESTA_CORRECCION_MONOLITO_INTERACCION_2026-08-26_V01/LEEME.txt","1468","02A46821BC4AA168918962DAF84196EBA7E6D55B27652F280D42C1F167C0D912"
"05_REFERENCIAS/MAQUINA/PROPUESTAS_MONOLITO_COHERENCIA_2026-08-25/01_monolito_sin_reparacion_prueba_v01.png","2034860","5451C72592F64C4ECFA049124AF1FD4D9A3AB7E1FB74E61BCED9BC7966ED2213"
"05_REFERENCIAS/MAQUINA/PROPUESTAS_MONOLITO_COHERENCIA_2026-08-25/02_cuatro_sectores_acercados_coherencia_prueba_v01.png","2489977","C66F15B6CC202C12C996C11069A2C45632DB0C89B940AA87CBB8F8B4F73EAA8F"
"05_REFERENCIAS/MAQUINA/PROPUESTAS_MONOLITO_COHERENCIA_2026-08-25/03_exploracion_reemplazo_visual_nodos_alienigenas_v01.png","2981587","2F001066FCF4BA604DF923CA05AA8DD70A9B7C5AD18697C7C23F0D16AC453ED6"
"05_REFERENCIAS/MAQUINA/PROPUESTAS_MONOLITO_COHERENCIA_2026-08-25/04_sector_1_prueba_nodos_anomalias_alienigenas_v01.png","2863960","2BBEBFADE10C36CB44622F14E3E2061F7088D510EFFE2D33BEB1761DA57C9F27"
"05_REFERENCIAS/MAQUINA/PROPUESTAS_MONOLITO_COHERENCIA_2026-08-25/05_diez_direcciones_visuales_nodos_alienigenas_v01.png","2221920","AC0200A41A0F76512EF1ECC8BDCA7CC46EA05D5A1991BADA80253DE7F06F9EA5"
"05_REFERENCIAS/MAQUINA/PROPUESTAS_MONOLITO_COHERENCIA_2026-08-25/06_diez_direcciones_visuales_nodos_2d_v01.png","1988175","683292AC028BDBA585AAC344D22AAB24440AD2FD413FCB282C32C8C73553EACA"
"05_REFERENCIAS/MAQUINA/PROPUESTAS_MONOLITO_COHERENCIA_2026-08-25/07_diez_nodos_2d_compactos_v01.png","2743519","D86347A41AFEC51FE63C52BD26BBB5F4620819DD0B623CE1D9ECAAFC750A99B2"
"05_REFERENCIAS/MAQUINA/PROPUESTAS_MONOLITO_COHERENCIA_2026-08-25/08_diez_nodos_2d_compactos_sci_fi_v01.png","2743776","3717663DC675CC8B15BB7736FEAF6B05EDCBC5806EEE1E1B123C9E99A6F4BB21"
"05_REFERENCIAS/MAQUINA/PROPUESTAS_MONOLITO_COHERENCIA_2026-08-25/09_sector_1_mockup_siete_nodos_2d_sci_fi_v01.png","2622808","3EBD562D79F4BDC664DD67C645C0CA7F57455D58539269BB41874AC6C2128551"
"05_REFERENCIAS/MAQUINA/PROPUESTAS_MONOLITO_COHERENCIA_2026-08-25/10_sector_1_nodos_integrados_material_monolito_v01.png","2558210","B5CE21620B046330476272CB562CE604D80751E01700E471B9157B35988EF34C"
"05_REFERENCIAS/MAQUINA/PROPUESTAS_MONOLITO_COHERENCIA_2026-08-25/11_sector_1_siete_nodos_reparados_cian_blanco_v01.png","2558714","7CBA3E64CFF5C0B24A46729810767EF76ECCAF63DA41F14684AAE67A4338B246"
"05_REFERENCIAS/MAQUINA/PROPUESTAS_MONOLITO_COHERENCIA_2026-08-25/12_exploracion_simbolos_alienigenas_reparacion_v01.png","2721865","A3670CAECF6CAFDD911ED8D13CC2977A431DA721FEAC6A442B6E05BB1CCEFE81"
"05_REFERENCIAS/MAQUINA/PROPUESTAS_MONOLITO_COHERENCIA_2026-08-25/13_sector_1_estado_reparado_siete_simbolos_v01.png","2523171","A5B1A4B15E775F443691A29D6293B6D735AB1E10B221BA2804B3CCCE5A43BCAA"
"05_REFERENCIAS/MAQUINA/PROPUESTAS_MONOLITO_COHERENCIA_2026-08-25/14_seis_ideas_relieve_y_fondo_simbolos_v01.png","3088098","92A65A66A7F036F40FB29CA6EFC9A322BFC60CBFAD99218D6EAB46F32F59B8C9"
"05_REFERENCIAS/MAQUINA/PROPUESTAS_MONOLITO_COHERENCIA_2026-08-25/15_sector_1_reparado_textura_tectonica_unica_v01.png","2849903","235FB46AED52E979BCDF7173D8F7850085070C336167E4D18C0872908739C4B1"
"05_REFERENCIAS/MAQUINA/PROPUESTAS_MONOLITO_COHERENCIA_2026-08-25/16_sector_1_reparado_bordes_material_monolito_v01.png","2798781","FA5477F14F7C5BA6DD77283F137F765EA3ED498F7A089FD39EC3F3D7DF03E46C"
"05_REFERENCIAS/MAQUINA/PROPUESTAS_MONOLITO_COHERENCIA_2026-08-25/17_comparativa_seis_texturas_misma_cara_sector_1_v01.png","2847853","B026B31A6A55E091EF2A6622F09BB182780D5319B8EC481BDE6E172D77C083BB"
"05_REFERENCIAS/MAQUINA/PROPUESTAS_MONOLITO_PROGRESIONES_2026-08-26/00_monolito_completo_progresion_0_a_80_propuesta_v01.png","2340929","F7C33A44EAA323BCCA9C5E189B1A5C6782E8B25A05F51F92744104B8EECBA97D"
"05_REFERENCIAS/MAQUINA/PROPUESTAS_MONOLITO_PROGRESIONES_2026-08-26/01_sector_1_superior_izquierdo_7_nodos_progresion_propuesta_v01.png","2493028","724337002AF14131B69462D8444B73852CC3343F9911EA703AB726D479084375"
"05_REFERENCIAS/MAQUINA/PROPUESTAS_MONOLITO_PROGRESIONES_2026-08-26/02_sector_2_inferior_derecho_11_nodos_progresion_propuesta_v01.png","2386166","68C33F6E453146AF5685EBC1A8419847791DD6C31B40CBDA9221C421A3A45C10"
"05_REFERENCIAS/MAQUINA/PROPUESTAS_MONOLITO_PROGRESIONES_2026-08-26/03_sector_3_superior_derecho_7_nodos_progresion_propuesta_v01.png","2279968","EB46E7077E6AB1E8F37696EBEE7117B7D83F7BA1E66AA776028F3B8591929559"
"05_REFERENCIAS/MAQUINA/PROPUESTAS_MONOLITO_PROGRESIONES_2026-08-26/04_sector_4_inferior_izquierdo_reservado_progresion_propuesta_v01.png","2421459","8401DB92511008100A05BB9A0953E9B0CA9A2D0AC32F603D6C3BE717E330F708"
"06_CAPTURAS_APROBADAS/COMUN/MAQUINA_MONOLITO_2D/ESTADO_CAPTURAS.txt","1170","8BFDBC0B55A6FF27DC5933ED23D1993B5FBCE7E8C0BF954977370E85BD97CD9F"
"06_CAPTURAS_APROBADAS/COMUN/MAQUINA_MONOLITO_2D/machine_monolith_01_overview_initial_1080x1920_2026-08-26.png","1813039","717408FF7CBA719484D1A2BDB0BB05F4B94E01B05C04163C382FF5016C2D2039"
"06_CAPTURAS_APROBADAS/COMUN/MAQUINA_MONOLITO_2D/machine_monolith_01_overview_initial_720x1280_2026-08-26.png","898721","1EEC80E26A1850B54EE7C3DCC1558280297CE435689FBF0F77CAABD158784804"
"06_CAPTURAS_APROBADAS/COMUN/MAQUINA_MONOLITO_2D/machine_monolith_02_sector_1_initial_1080x1920_2026-08-26.png","1812285","C2242BCF6D6D6B0DD460F14C4F6000E31DB510A2889ACEFB728D5073BFB7D979"
"06_CAPTURAS_APROBADAS/COMUN/MAQUINA_MONOLITO_2D/machine_monolith_02_sector_1_initial_720x1280_2026-08-26.png","889512","BACCB84E4A684615A002A6BCCDF428F40D06B1BE8D9F9FC4A0573D43DCBE9A82"
"06_CAPTURAS_APROBADAS/COMUN/MAQUINA_MONOLITO_2D/machine_monolith_03_sector_2_initial_1080x1920_2026-08-26.png","1818681","6F17FB6E70699A37EB124724D4ED4CDB62C7AB62A343803E4524BF0E9A017B11"
"06_CAPTURAS_APROBADAS/COMUN/MAQUINA_MONOLITO_2D/machine_monolith_03_sector_2_initial_720x1280_2026-08-26.png","894161","DE3B5F732D2436B600B9D44A180252A5C2181CFE3212A1322622F6BD2F6513AA"
"06_CAPTURAS_APROBADAS/COMUN/MAQUINA_MONOLITO_2D/machine_monolith_04_sector_3_initial_1080x1920_2026-08-26.png","1832788","9BD0990BFA00189D6CA39D4554BD6A3066816D4A205A26D2CE3E43466CEFD930"
"06_CAPTURAS_APROBADAS/COMUN/MAQUINA_MONOLITO_2D/machine_monolith_04_sector_3_initial_720x1280_2026-08-26.png","900988","A5B0A4737B8488E83B4879F4462861F12321985A65BDF83A0EFC3FD2B13DD354"
"06_CAPTURAS_APROBADAS/COMUN/MAQUINA_MONOLITO_2D/machine_monolith_05_sector_4_reserved_1080x1920_2026-08-26.png","1718990","1F2C59216CCEC01162E43EA8DE6A79A9981B1080C0C4765FF1EE879FE9882448"
"06_CAPTURAS_APROBADAS/COMUN/MAQUINA_MONOLITO_2D/machine_monolith_05_sector_4_reserved_720x1280_2026-08-26.png","851831","D281765BC8FC3D0D43317B6F10A2EAC08CBC20B2F624AE03557FC84ED1514D69"
"06_CAPTURAS_APROBADAS/COMUN/MAQUINA_MONOLITO_2D/machine_monolith_06_overview_repaired_1080x1920_2026-08-26.png","1804868","108CB300A846552EDAF2678BA2175942A2743D318D01497BC45B0781D6BB1851"
"06_CAPTURAS_APROBADAS/COMUN/MAQUINA_MONOLITO_2D/machine_monolith_06_overview_repaired_720x1280_2026-08-26.png","895400","5CEECFD810154164F1C3F4A3780ADF5F3EDF03ADD75E3677795CF45FCBDF6156"
"06_CAPTURAS_APROBADAS/COMUN/MAQUINA_MONOLITO_2D/machine_monolith_07_sector_1_repaired_1080x1920_2026-08-26.png","1825473","A69C1F1512922B98B0F0E75A1BF7F190413E35DAD9A0EA6F17E505CA96A5A7F5"
"06_CAPTURAS_APROBADAS/COMUN/MAQUINA_MONOLITO_2D/machine_monolith_07_sector_1_repaired_720x1280_2026-08-26.png","896417","BE12C85CA35B887BCE00A7B11DBB5F382C72D032999B7A46037FA7CBF40B1BC2"
"06_CAPTURAS_APROBADAS/COMUN/MAQUINA_MONOLITO_2D/machine_monolith_08_sector_2_repaired_1080x1920_2026-08-26.png","1834706","E98706A5ACBD927179B54C0336E15B31EE63CDABCC09E0BC6073CFC8923D0BF6"
"06_CAPTURAS_APROBADAS/COMUN/MAQUINA_MONOLITO_2D/machine_monolith_08_sector_2_repaired_720x1280_2026-08-26.png","901692","AD3AEA53A45034201361FB85FBB1715D7E65F88361DD03E4FAA5950FBE89F0F5"
"06_CAPTURAS_APROBADAS/COMUN/MAQUINA_MONOLITO_2D/machine_monolith_09_sector_3_repaired_1080x1920_2026-08-26.png","1839144","80B59089ABABA994A8AB71C1B9D240E5DFA39E5D415A8195547CDFA50C7D3CD3"
"06_CAPTURAS_APROBADAS/COMUN/MAQUINA_MONOLITO_2D/machine_monolith_09_sector_3_repaired_720x1280_2026-08-26.png","903917","745A4A076F7B0F696DA1047DB242B4B3A286D7D68B73B5AC534B800A8F9C5BFA"
"06_CAPTURAS_APROBADAS/COMUN/MAQUINA_MONOLITO_2D/machine_monolith_12_transition_mid_frame_1080x1920_2026-08-26.png","1804545","2F6700A6A18B96648BF9548AAB8E71D09E2F2B130586D899B1578F3EFA94EF89"
"06_CAPTURAS_APROBADAS/COMUN/MAQUINA_MONOLITO_2D/machine_monolith_12_transition_mid_frame_720x1280_2026-08-26.png","895021","25287E60B0A1BAE95EA65422C3B46457560397AEE4A397A2A5445D5F7228A507"
"06_CAPTURAS_APROBADAS/COMUN/MAQUINA_MONOLITO_2D/machine_monolith_13_transition_complete_1080x1920_2026-08-26.png","1811486","CF6A981BB664FC7E94B0E3BCEE0332A82855B22CB32DE74B71ACFDCBB26253E3"
"06_CAPTURAS_APROBADAS/COMUN/MAQUINA_MONOLITO_2D/machine_monolith_13_transition_complete_720x1280_2026-08-26.png","889247","FBD245E564F6F53E97BF0F81402BBBBA2F7B13AED27A24BEF21C4E289637F131"
"06_CAPTURAS_APROBADAS/DIMENSION_1/CARTA_GALACTICA/carta_galactica_neutral_1080x1920.png","946135","2187D27A03BA2A4F910A4D7E56A1E4B2386642D5CD713211443800DD8D682D59"
"06_CAPTURAS_APROBADAS/DIMENSION_1/CARTA_GALACTICA/carta_galactica_orbitas_seleccionada_1080x1920.png","951183","69E9D726B681E4CECA21062453C303F86243ED9E85AB1E756C34748912659E60"
"06_CAPTURAS_APROBADAS/DIMENSION_1/CARTA_GALACTICA/ESTADO_CAPTURAS.txt","933","CB79B8C8DDDD496D3447193246299FCFF59794A2A0E638FFEF6A3B6B9AF335E0"
"06_CAPTURAS_APROBADAS/DIMENSION_1/HANGAR/hangar_aprobada_1080x1920.png","615707","D17C99345ADF9D36FF085D51A54BE36D57181567891B4D24D30FA8976F250BA3"
"06_CAPTURAS_APROBADAS/DIMENSION_1/HANGAR/hangar_aprobada_720x1280.png","344914","483F77C65F9C1E93503528CC1FB3E8E1B8622D636A9C66227EA00789A7C2F912"
"06_CAPTURAS_APROBADAS/LEEME.txt","659","CB5AFC06F2E281F37488E091FCE2E2D9328C5AAC1FAD4186B10BC26133101CC9"
"07_REGISTROS/AUDITORIA_INTEGRAL_DIMENSION_1_2026-08-20.md","6194","A38CF07E5DF133EDAFFF6D6751CA78F9A738168195331BEB199C6B7250354CA4"
"07_REGISTROS/BITACORA_APRENDIZAJES_UI.md","73038","AF6784DE108743B468D9A6399238D9506284CAF704671C33CCBC177F70E66073"
"07_REGISTROS/CORRECCIONES_UI_DIMENSION_1_2026-08-21.md","7632","B03C4C0566F927F39D11B8C0CA7C2255A6BCB818065D374BB60DA74574E3B4F4"
"07_REGISTROS/DECISIONES_UI.md","22417","FFAFCEA03EEDD46BE8BE4AC9368247B7ECEA20181E176B712C3B37F86E7EE157"
"07_REGISTROS/PANTALLAS_UI.csv","10823","6E268063BA24902902D504FF3D45E3A7F6498223FEC8A77C00A44ED5D8843C38"
"08_PRUEBAS/CONTRATO_CONTINUIDAD_ANDROID_QA.md","3256","0B573269E0934C9748FE1A5548E9F63E01B779DD0C25FFC44070D8FBAD7761D6"
"08_PRUEBAS/MATRIZ_ESCENARIOS_QA.csv","2508","3C72786F49550AEDE79ADB6FB144F8A1D4A061AD927B53E96C5D374EE7CE4AD2"
"08_PRUEBAS/PLAN_MAESTRO_PRUEBAS_UI.txt","4823","5B7EF0763D145E537C2216414C94C092E8C5D4F97448F62C5E678AD73A1A8703"
"09_HERRAMIENTAS/ExtraerFondoGenerado.ps1","6495","B201EE3ADED112BA519A2E5CE514B1DE7F1EE80291074C620C8F62F8D30135F7"
"09_HERRAMIENTAS/LEEME.txt","2067","DA8B044A434BDF959C261C6C790C91023DAE62DBA530E70FFC2FE7721FCBA4EB"
"10_PANTALLAS/DIMENSION_1/ANILLO_DE_RESTOS/CAPTURAS_CANDIDATAS/ANILLO_DE_RESTOS_CANDIDATA_1080x1920.png","614308","9E95E89BB59D304F3D19FA17A28DD69255B085112188B6A8B7D90E5EB2B3969D"
"10_PANTALLAS/DIMENSION_1/ANILLO_DE_RESTOS/CAPTURAS_CANDIDATAS/ANILLO_DE_RESTOS_CANDIDATA_720x1280.png","335788","E4257187C9339175CBEDCEF8028832DB263F26C2CCE9ED31410846D3DC457C2F"
"10_PANTALLAS/DIMENSION_1/ANILLO_DE_RESTOS/CONTRATO_APROBACION.txt","709","F0AE5BE467DE5B2C90D1550200BBFDCF4FF44895D6823B03E32768F17C1F087F"
"10_PANTALLAS/DIMENSION_1/ANILLO_DE_RESTOS/DECISIONES.txt","1297","4ABE09B6DDC6523AB413D8BC552024DFE9DEDF6E3CA2915E98F9DC5E4734E670"
"10_PANTALLAS/DIMENSION_1/ANILLO_DE_RESTOS/FICHA_PANTALLA.txt","2461","9FEE333AA8420C29933E62302F719E8A43E3C89D6FB5E6F4A1F5C111013613BF"
"10_PANTALLAS/DIMENSION_1/ARBOL_CUANTICO/CAPTURA_CANDIDATA_1080x1920.png","1555050","626BD2731CD657BBE877B21CB683F150EC2C69619C3D383B281AD67517CD58D0"
"10_PANTALLAS/DIMENSION_1/ARBOL_CUANTICO/CAPTURA_CANDIDATA_720x1280.png","805025","0563E6A649A4A778A9B18A9B3EC1BCC231AA547B3540177E5B59A18176C5500A"
"10_PANTALLAS/DIMENSION_1/ARBOL_CUANTICO/CAPTURA_RECHAZADA_FIDELIDAD_E_ICONOS_1080x1920.png","515945","7FA1D53B0C1F608289C2F58B4A54E7EC530353DC06B030221BA962BBA05AA428"
"10_PANTALLAS/DIMENSION_1/ARBOL_CUANTICO/CAPTURA_RECHAZADA_FIDELIDAD_E_ICONOS_720x1280.png","300795","D6FC538ADA92946F6B66CCEF5170788BEF481B3AD00580885E5B005BB4545D88"
"10_PANTALLAS/DIMENSION_1/ARBOL_CUANTICO/CONTRATO_APROBACION.txt","2768","3E1A1B00951817D7DCCB0D524B26C3CF51BB882DDB104413F331C6A23B78296D"
"10_PANTALLAS/DIMENSION_1/ARBOL_CUANTICO/DECISIONES.txt","6199","6699C74DE3F53D0BB5D50F2CEFCCDA92066AC7F9632C6ABF6DEF1A7A66EAF95D"
"10_PANTALLAS/DIMENSION_1/ARBOL_CUANTICO/FICHA_PANTALLA.txt","7160","6207BE00EAB4D9A8910C6A02A4FD59DDE186E486052CE3184250DB7D824E3815"
"10_PANTALLAS/DIMENSION_1/ARK_CENTRO_GALACTICO/CAPTURAS_CANDIDATAS/Ark_center_1080x1920.png","1046149","88DB08C8758C8B2553A3136262E33E926EC60C8905FA0B2A00D2CC28AF614B6C"
"10_PANTALLAS/DIMENSION_1/ARK_CENTRO_GALACTICO/CAPTURAS_CANDIDATAS/Ark_center_720x1280.png","534117","D66B9140D9DA8FED2DC9DCA90A491D33DA7ABE49926F00DC5A9409824C4AFF69"
"10_PANTALLAS/DIMENSION_1/ARK_CENTRO_GALACTICO/CONTRATO_APROBACION.txt","1260","A1C9F95F57FBF5B6B1AE1174ACEBAA91CBE602FE983CD5F32002A0F1EE17DE24"
"10_PANTALLAS/DIMENSION_1/ARK_CENTRO_GALACTICO/DECISIONES.txt","2065","D58AD52CE586D52861335A26D6BF2FB16B75EBD8A745E9455F9D039E87A706EC"
"10_PANTALLAS/DIMENSION_1/ARK_CENTRO_GALACTICO/FICHA_PANTALLA.txt","3194","37758464DA31F11996F324B5CAC12DAC05994595B96418C3035B9D31AEE2A9FE"
"10_PANTALLAS/DIMENSION_1/BORDE_EXTERIOR/CAPTURAS_CANDIDATAS/BORDE_EXTERIOR_CANDIDATA_1080x1920.png","851297","2C7C4A8FFF5CE8029581A5AA9CB4D392CA635BA6CCC17E88138F5267C679E3EC"
"10_PANTALLAS/DIMENSION_1/BORDE_EXTERIOR/CAPTURAS_CANDIDATAS/BORDE_EXTERIOR_CANDIDATA_720x1280.png","454904","8844B89893F7643882671CC96E5785B63F835A72EF2FD89D9F1D90912144F2D7"
"10_PANTALLAS/DIMENSION_1/BORDE_EXTERIOR/CONTRATO_APROBACION.txt","708","CF69F488063FD67AEFE7C076CA7326BDE47AB0C3DAA5BAC7787E48503B2D6FF7"
"10_PANTALLAS/DIMENSION_1/BORDE_EXTERIOR/DECISIONES.txt","985","1AF6A4E0052880F6EDCF4E874B9DC8321E88F80A6D9CD8571AA94CA5468606CC"
"10_PANTALLAS/DIMENSION_1/BORDE_EXTERIOR/FICHA_PANTALLA.txt","2444","5F25FDDEA0FDAF9972274D85668A7F421CD1A70B8CE18BAFE216A5A189E92CF5"
"10_PANTALLAS/DIMENSION_1/CARTA_GALACTICA/CAPTURA_CANDIDATA_NEUTRAL_1080x1920.png","985063","300FCA0C3FD2BD889EE25E4B30DA2CA94CBA927C834A9D17A71C4DE15A7A72E4"
"10_PANTALLAS/DIMENSION_1/CARTA_GALACTICA/CAPTURA_CANDIDATA_NEUTRAL_720x1280.png","502434","D430AC9B7DFF45A641E3E1AB35DFA95B4B3C5310ADE0C2CC8549288129C9AB5C"
"10_PANTALLAS/DIMENSION_1/CARTA_GALACTICA/CAPTURAS_CANDIDATAS/GALAXY_V11_NEUTRAL_CANDIDATA_1080x1920.png","968010","7B87B4F6421C3DD87157A34B77C0DC09B1774261E455CD367A595680CF8484DA"
"10_PANTALLAS/DIMENSION_1/CARTA_GALACTICA/CAPTURAS_CANDIDATAS/GALAXY_V11_NEUTRAL_CANDIDATA_720x1280.png","496523","E18BAB8D2B753B8168B9405476C1A45E9A90C7097574B3D527F64C275C73EEBF"
"10_PANTALLAS/DIMENSION_1/CARTA_GALACTICA/CAPTURAS_CANDIDATAS/GALAXY_V11_SELECTED_CANDIDATA_1080x1920.png","972455","AF10CACC02982E05C72A830868ED1FDAD131F3B297D33A28BEC78BC7D6DC21A9"
"10_PANTALLAS/DIMENSION_1/CARTA_GALACTICA/CAPTURAS_CANDIDATAS/GALAXY_V11_SELECTED_CANDIDATA_720x1280.png","498954","064B1560D0D549235A1CEF78CB08A10E0F14FA490952BC541F3C086C9B1FCEA4"
"10_PANTALLAS/DIMENSION_1/CARTA_GALACTICA/CAPTURAS_CANDIDATAS/GALAXY_V12_NEUTRAL_CANDIDATA_1080x1920.png","944041","CDDB43FE4A3A3CBF34070201FF180150F0997C889CB19A2AE1FB2F836741323B"
"10_PANTALLAS/DIMENSION_1/CARTA_GALACTICA/CAPTURAS_CANDIDATAS/GALAXY_V12_NEUTRAL_CANDIDATA_720x1280.png","491924","B4612CBED85740AD2454D94226CC33A04B0F63CC67B4E490A4B64AFBF8005FC9"
"10_PANTALLAS/DIMENSION_1/CARTA_GALACTICA/CAPTURAS_CANDIDATAS/GALAXY_V12_SELECTED_CANDIDATA_1080x1920.png","957025","26C6DAF9FC50D1C984A700E59F60CAB1CB34FF95B8275D2139F2E4CADDF0F3C3"
"10_PANTALLAS/DIMENSION_1/CARTA_GALACTICA/CAPTURAS_CANDIDATAS/GALAXY_V12_SELECTED_CANDIDATA_720x1280.png","499105","B1BF943BC93D4414A41BC82F804DE50B09CF2BB25F24040D460C5127FAF0F00E"
"10_PANTALLAS/DIMENSION_1/CARTA_GALACTICA/CONTRATO_APROBACION.txt","1331","34DF834A988C8C77FCC3C0079EB0270DBBFEDE10EF5FCA428E712F681D538D6B"
"10_PANTALLAS/DIMENSION_1/CARTA_GALACTICA/DECISIONES.txt","3817","06FA84CBA153417761A086779CB7EA9BFFD3D3E2C50FB9BB74A4F9341AD1413D"
"10_PANTALLAS/DIMENSION_1/CARTA_GALACTICA/FICHA_PANTALLA.txt","2419","22BD50D8F45571EADCBA55733C8EDC228E19A237C9BCFDA82BE2FF69F749C9DF"
"10_PANTALLAS/DIMENSION_1/CENTRO_DE_MANDO/CAPTURA_CANDIDATA_1080x1920.png","741617","8E635B98BA35573F27F269D9EAD4F32A5F137C860BA40C506CB5B0D64C232557"
"10_PANTALLAS/DIMENSION_1/CENTRO_DE_MANDO/CAPTURA_CANDIDATA_720x1280.png","409416","AE7E0436201D36D811451ADD4A934ABF346C8CEE4373BC76DBE2CF8ABD80FD7A"
"10_PANTALLAS/DIMENSION_1/CENTRO_DE_MANDO/CAPTURA_CANDIDATA_ICONOS_Y_CRISTAL_2026-08-21_1080x1920.png","710712","888660E65D742D9A6F4178DB1956A1F28BAE5841C4B28EDC5E6F0FEA5C4DB7C0"
"10_PANTALLAS/DIMENSION_1/CENTRO_DE_MANDO/CAPTURA_CANDIDATA_ICONOS_Y_CRISTAL_2026-08-21_720x1280.png","399339","63EDA40E9F3283477B34E09640F40B4CE744AF41C1EF6507315E1EE361C56BBA"
"10_PANTALLAS/DIMENSION_1/CENTRO_DE_MANDO/CAPTURA_CANDIDATA_REVISION_ICONOS_2026-08-21_1080x1920.png","664005","A99ADC4D12086A61FC664C90F72B05C5D2E4B39B9E41D308914B647A83A20DC7"
"10_PANTALLAS/DIMENSION_1/CENTRO_DE_MANDO/CAPTURA_CANDIDATA_REVISION_ICONOS_2026-08-21_720x1280.png","375383","ED571168CF12F74EFF2F96F5D2574F83ECF3CC4E93BF6B2A9DA7C8C308352CF4"
"10_PANTALLAS/DIMENSION_1/CENTRO_DE_MANDO/CONTRATO_APROBACION.txt","851","D0BEB6BA8DF09280720F6ACB006949468A8016586B37998AD5088AA693233748"
"10_PANTALLAS/DIMENSION_1/CENTRO_DE_MANDO/DECISIONES.txt","2606","7613B3A68729E839AD80F69C968D6416F1C8508F04009A26240C21FF29E53DFA"
"10_PANTALLAS/DIMENSION_1/CENTRO_DE_MANDO/FICHA_PANTALLA.txt","3294","8F5D28A7225953DCD2C1DFE999892F9CC93FAAB0201EF45CEEA44A922DD3C52A"
"10_PANTALLAS/DIMENSION_1/EXPEDICION_COMPLETADA/CAPTURA_CANDIDATA_1080x1920.png","455315","0DD6853E27997E82AF47EE77A90E3BF8550523279BBD1F342130AEA066846EFC"
"10_PANTALLAS/DIMENSION_1/EXPEDICION_COMPLETADA/CAPTURA_CANDIDATA_720x1280.png","253198","01C3AC17E8843C692D85DCB7E5B4ABAC4C4D0A579FF206CF1E57C9675700E7F8"
"10_PANTALLAS/DIMENSION_1/EXPEDICION_COMPLETADA/CAPTURA_ESTADO_4_METALES_1080x1920.png","354094","B1338796C822EA236654EFCB9C4BF5FDE9F0B1AF0E6A930599C813158A78A02C"
"10_PANTALLAS/DIMENSION_1/EXPEDICION_COMPLETADA/CAPTURA_ESTADO_4_METALES_720x1280.png","198697","45847F1586F89A2305FD27EA01E5039DE061D122FA574E8D3245009504F9A7C5"
"10_PANTALLAS/DIMENSION_1/EXPEDICION_COMPLETADA/CONTRATO_APROBACION.txt","994","B2687BFB9C4A525BC921E6D59ADBBFF90C4AC7C6CBD4EE81FC5CEECDA0318515"
"10_PANTALLAS/DIMENSION_1/EXPEDICION_COMPLETADA/DECISIONES.txt","2185","89C92C2739C75C6D5231C808AC7C10A216FB1A52247F2C896F93685995A30B10"
"10_PANTALLAS/DIMENSION_1/EXPEDICION_COMPLETADA/FICHA_PANTALLA.txt","3497","DA9BF1CB27670E260B3875EC18C61019DABAE29917301D7C73AF4DED761E74BE"
"10_PANTALLAS/DIMENSION_1/EXPEDICION_COMPLETADA/ORIGEN_Y_ESTADO.txt","395","27912303876068794D04A53A330D047EA9A09FC3248289DAD8E4914AAF792A6A"
"10_PANTALLAS/DIMENSION_1/EXPLORAR/CAPTURA_CANDIDATA_1080x1920.png","730410","9739A106C59F2E3B20B2CDC9101D01AEE872F8FFE9A59FE9DAEFAD1FBE93C6F0"
"10_PANTALLAS/DIMENSION_1/EXPLORAR/CAPTURA_CANDIDATA_720x1280.png","408165","EA44A467814549A9E6269B4B9B468C405A768DDAE87F03D5B2730445C2EB12C1"
"10_PANTALLAS/DIMENSION_1/EXPLORAR/CONTRATO_APROBACION.txt","1106","A8F809CE7D24BD7FD5DB5904A15C9164648F3CE7525AF0983D09D8DCDD5156EB"
"10_PANTALLAS/DIMENSION_1/EXPLORAR/DECISIONES.txt","6736","F67C82C52E413BCD7D9E34545F11C813DDD3E52CE782BE7D003FB510A666FAA0"
"10_PANTALLAS/DIMENSION_1/EXPLORAR/FICHA_PANTALLA.txt","4837","178F062DD90945DEB7A4CC0057FC3B0213E6B1E4DB5C4FB1917676719D457104"
"10_PANTALLAS/DIMENSION_1/FRONTERA_SILENCIOSA/CAPTURAS_CANDIDATAS/FRONTERA_SILENCIOSA_CANDIDATA_1080x1920.png","771499","3436C06A0CA43EE6A4C59464C6DF84009A579767DEAAD6653D73EB1D85B791CB"
"10_PANTALLAS/DIMENSION_1/FRONTERA_SILENCIOSA/CAPTURAS_CANDIDATAS/FRONTERA_SILENCIOSA_CANDIDATA_720x1280.png","421305","FD879FFC7B9D49915351C1FC6155DB8B8646E92EB900C98EA006E09F9BA2F379"
"10_PANTALLAS/DIMENSION_1/FRONTERA_SILENCIOSA/CONTRATO_APROBACION.txt","772","1FB60BAADB57E4A3C87A50E07A4A550F956DE0C62CF6E257A84977C9E59A985D"
"10_PANTALLAS/DIMENSION_1/FRONTERA_SILENCIOSA/DECISIONES.txt","1055","B5990800D05CFF17C6874FF5A0A4D86ADD03FA64304B23718BC25A6BD8FC4541"
"10_PANTALLAS/DIMENSION_1/FRONTERA_SILENCIOSA/FICHA_PANTALLA.txt","2436","18E6EABD9D878A6B1771E606C5AAAFF491F690769B33855EF07A337C79B32873"
"10_PANTALLAS/DIMENSION_1/HANGAR/CAPTURA_CANDIDATA_1080x1920.png","645176","1FFE8C55071679212A860A9B21C3EAF2725C1829F59254BD83E88FD6172EF45F"
"10_PANTALLAS/DIMENSION_1/HANGAR/CAPTURA_CANDIDATA_720x1280.png","359440","8EE27759CE9503D563015A1ADCF0DF7ECDCFA38204DA362C567DDBC018F71875"
"10_PANTALLAS/DIMENSION_1/HANGAR/CAPTURA_RECHAZADA_ICONOS_SIMPLES_1080x1920.png","486020","2A37E778E76C6DE5770102B4DA0EEE59F63DA27BD3CA9E7D157DE7E2E3502570"
"10_PANTALLAS/DIMENSION_1/HANGAR/CAPTURA_RECHAZADA_ICONOS_SIMPLES_720x1280.png","289392","87F4D90A6A77C72B110192A42F4A0FD4CC820F2B1866F3E0F59B871779D87CD8"
"10_PANTALLAS/DIMENSION_1/HANGAR/CONTRATO_APROBACION.txt","1514","B7ED88F54157AE759D8022295560C4B2F0EA042372E8A2A597456E1696CBE9C5"
"10_PANTALLAS/DIMENSION_1/HANGAR/DECISIONES.txt","3431","80DF35E4D06BD91261115F78B3233F8502D0BC108A5841D553363399CA70FADB"
"10_PANTALLAS/DIMENSION_1/HANGAR/FICHA_PANTALLA.txt","5162","F2065AE55B6F5A763A727C098EAF369D41B778E596BA8134D2482EFA81BD3071"
"10_PANTALLAS/DIMENSION_1/INVENTARIO_METALES/CAPTURA_CANDIDATA_1080x1920.png","618379","1101765111A7815940A008DBC3159DFEE9C9D3346528216EB0FDAF1A2E681F27"
"10_PANTALLAS/DIMENSION_1/INVENTARIO_METALES/CAPTURA_CANDIDATA_720x1280.png","344878","9DFC3ADF970ACC5C1B4D33341FC6ED945FB58F0AAA35F6CF29705CE19C507588"
"10_PANTALLAS/DIMENSION_1/INVENTARIO_METALES/CONTRATO_APROBACION.txt","1467","CDA1FDF9CB3BE465521E7E34A6D351E0491DB8707DF92284260C39FA65D0A1E1"
"10_PANTALLAS/DIMENSION_1/INVENTARIO_METALES/DECISIONES.txt","2219","1E200E0701AA793BE9621EADC208879199AA0D5C603A0E517F0616FA9290A1D9"
"10_PANTALLAS/DIMENSION_1/INVENTARIO_METALES/FICHA_PANTALLA.txt","3090","B858B7CBD91884B801E26F399881250D7FDC21C70608F52B5A8DE9183FED1FA0"
"10_PANTALLAS/DIMENSION_1/MAPA_FUNCIONAL_Y_COHERENCIA_DIMENSION_1_2026-08-21.md","17187","E5F06EBAFB0AAEF1F1304BDB28C9A87046FB7508E10F6F40907D2BB38CA76745"
"10_PANTALLAS/DIMENSION_1/ORBITAS_ANTIGUAS/CAPTURAS_CANDIDATAS/ORBITAS_ANTIGUAS_CANDIDATA_1080x1920.png","795775","481F91A96F90C0FDF3FD165F5CBD4EA3799BA610DB0BA2BFC9EECEE7580A91E7"
"10_PANTALLAS/DIMENSION_1/ORBITAS_ANTIGUAS/CAPTURAS_CANDIDATAS/ORBITAS_ANTIGUAS_CANDIDATA_720x1280.png","434735","1CD1544B889D6AD3791CFBB4E5C6613541254810138F9975BC4F66B3EF08C831"
"10_PANTALLAS/DIMENSION_1/ORBITAS_ANTIGUAS/CONTRATO_APROBACION.txt","1474","8525779F7C9C81A34FC91BD8424561BD960E6146390D2585A9916187CBDE9BB4"
"10_PANTALLAS/DIMENSION_1/ORBITAS_ANTIGUAS/DECISIONES.txt","2058","FF0502DA693447B4886E576241C53BB48EF132A4042ECD030D1063E418C3F767"
"10_PANTALLAS/DIMENSION_1/ORBITAS_ANTIGUAS/FICHA_PANTALLA.txt","5429","43C33FEB36DE7477DA097B8631779CEA13FA0DFEA50077E29523731AAC09E86E"
"10_PANTALLAS/DIMENSION_1/REGISTRO_EXPEDICIONES/CAPTURA_CANDIDATA_1080x1920.png","689726","66141E32AF0FD2B8F19D2A9903C13A60C4802D4790445CEFEDA485E914900AF7"
"10_PANTALLAS/DIMENSION_1/REGISTRO_EXPEDICIONES/CAPTURA_CANDIDATA_720x1280.png","388696","3175AD5217018273E97BB68AF8060142909856B5F9C2209F237B7FBCBE930553"
"10_PANTALLAS/DIMENSION_1/REGISTRO_EXPEDICIONES/CONTRATO_APROBACION.txt","1004","0791D2F52E103814E5FFCDED8749BD197051B7EEBA15AA617952D93E20FFDE16"
"10_PANTALLAS/DIMENSION_1/REGISTRO_EXPEDICIONES/DECISIONES.txt","2702","F6AB8BF5513BAFB01C9653D67049E9CF16ED734269CB61C273C5FF3041DD7B63"
"10_PANTALLAS/DIMENSION_1/REGISTRO_EXPEDICIONES/EVIDENCIA_VALIDACION.txt","1633","84B02B4C006743E91F6EA24E4BF2CB6C83A78AAE1292A0BFB49F2F7463BC088A"
"10_PANTALLAS/DIMENSION_1/REGISTRO_EXPEDICIONES/FICHA_PANTALLA.txt","2614","A0355422D1FFCB656E5590B995CB35A9DF883B7B2325FE166580E2878C959C39"
"10_PANTALLAS/DIMENSION_1/REGISTRO_EXPEDICIONES/ORIGEN_Y_ESTADO.txt","1165","76C75CE0123E92E5392718D2684335EA4DD8F009D092B62653459DC57EADE75E"
"10_PANTALLAS/DIMENSION_1/RELIQUIAS/CAPTURA_CANDIDATA_1080x1920.png","739914","5C4364800E0B30A3B66AC2F44AD07552EE045FABCA50344F1F995778D9E14C57"
"10_PANTALLAS/DIMENSION_1/RELIQUIAS/CAPTURA_CANDIDATA_720x1280.png","413534","17ED55C44464192C76412D14037BB576F8A8D375A96BF902BCA837E7ABB6C431"
"10_PANTALLAS/DIMENSION_1/RELIQUIAS/CAPTURA_CANDIDATA_PAGINA_2_1080x1920.png","782122","5844AD582B8112495D7D943F012FF1481760BC9C3A1ADCAE113D8F57DE156F83"
"10_PANTALLAS/DIMENSION_1/RELIQUIAS/CAPTURA_CANDIDATA_PAGINA_2_720x1280.png","428748","B41216B9A633A1B34D2FFB82E82B3C41FE76166E84AC73931B4534105E058BE8"
"10_PANTALLAS/DIMENSION_1/RELIQUIAS/CAPTURA_CANDIDATA_PAGINA_3_1080x1920.png","558426","B7229FEB10BA622E3C3CEE8EDD6EBD016A48288B52C92F500F17D84438BA04CC"
"10_PANTALLAS/DIMENSION_1/RELIQUIAS/CAPTURA_CANDIDATA_PAGINA_3_720x1280.png","316849","965E14D8FD32290E849424909FCAF75D77B17419B23FB2BC40E229E961176F7E"
"10_PANTALLAS/DIMENSION_1/RELIQUIAS/CONTRATO_APROBACION.txt","1853","DA809208390013A51CAE32CA67D9F49F5F02C27192B715E44F048A1AAC4D0A3E"
"10_PANTALLAS/DIMENSION_1/RELIQUIAS/DECISIONES.txt","5258","723BCD215F042FDC313423A0C20523673819DA3390D283B1FA693FC8AE4BD87B"
"10_PANTALLAS/DIMENSION_1/RELIQUIAS/EXPANSION_TENTATIVA/CONTACTO_12_RELIQUIAS_TENTATIVAS.png","734165","729930EFA6F748221C304B55BD71329F892424F2937D9791D8798C1BEB775A17"
"10_PANTALLAS/DIMENSION_1/RELIQUIAS/EXPANSION_TENTATIVA/DISENO_TENTATIVO_12_RELIQUIAS.txt","4809","455A6E6D7CAD8A8546E253772444293A79FE72F415D0000FAB81A848EC2D47BD"
"10_PANTALLAS/DIMENSION_1/RELIQUIAS/EXPANSION_TENTATIVA/PAGINA_2_TENTATIVA.png","370556","6B3118B93F0B8730BE8A6D51B4F1753398266FFFF1C6ED1F529038EA2E078A8C"
"10_PANTALLAS/DIMENSION_1/RELIQUIAS/EXPANSION_TENTATIVA/PAGINA_3_TENTATIVA.png","170409","AD28D962F5A2960E7E1CB43F7F13E2702A6DECA85B66BBA2AD80E6B9EAA25835"
"10_PANTALLAS/DIMENSION_1/RELIQUIAS/FICHA_PANTALLA.txt","7081","BB27E7F0A9EA035C4440DD0364AEAE6F9D86EC278D04397326FA3A4B894D22B6"
"10_PANTALLAS/DIMENSION_1/RELIQUIAS/ORIGEN_Y_ESTADO.txt","795","9CE0AB69DAC12188A11017DA58A1D772566E301C70D6281DE55AD932672E3F19"
"10_PANTALLAS/DIMENSION_2/CONTINUIDAD_INICIO_DIMENSION_2_2026-08-24.md","5644","1C3CAC84B08905C9922C0BA20AC226EDD3788FEB9F6F0789B1715A209A4E29EF"
"10_PANTALLAS/DIMENSION_2/CONTRATO_VISUAL_CANDIDATO.txt","6191","64BA3A745620230586B0585A780DB7626994432988139B9250EFEA37DD2DD1F8"
"10_PANTALLAS/DIMENSION_2/MATRIZ_20_VISTAS.csv","4120","4357DE441362E915EE776E85AD08D860D4742756F6A0440858E6C6AA2A84596A"
"10_PANTALLAS/DIMENSION_2/PLAN_CAPAS_ANIMACION_CANDIDATO.txt","2307","7B8DB42A7057753506CF5A05E3EECD5C0DBE9544098E9298ED6D1E405FD39831"
"10_PANTALLAS/DIMENSION_2/PRIMERA_ENTRADA/CANDIDATA_INTRODUCCION_D2_PRIMERA_ENTRADA_V1.png","2719913","D758791919A9C96FB87DC471AD276D4A7F54AF8C56BC38291FCD2E4A43590714"
"10_PANTALLAS/DIMENSION_2/PRIMERA_ENTRADA/CAPTURAS_CANDIDATAS/D2_FirstEntry_1080x1920.png","2806191","DC8D270AB2865C32D691B3183AD0EAC99808B0CDF26B7E5605581B002698752E"
"10_PANTALLAS/DIMENSION_2/PRIMERA_ENTRADA/CAPTURAS_CANDIDATAS/D2_FirstEntry_720x1280.png","1364963","98627F4CA99176FDC91804E2EFE9F814F9684BE8D13993D03E2E4800AB67CCDE"
"10_PANTALLAS/DIMENSION_2/PRIMERA_ENTRADA/CAPTURAS_CANDIDATAS/D2_FirstEntry_Hover_1080x1920.png","2803003","5E2221442DBE003DE600A0199E4F7957F429B04D0DF4EFD4A533A9B9FFA8412D"
"10_PANTALLAS/DIMENSION_2/PRIMERA_ENTRADA/DECISIONES.txt","2893","37546A4C5813AF7F3AA8AB97A1651AF4CD882D9812A5A814E1EB0B5122B1BEEE"
"10_PANTALLAS/DIMENSION_2/PRIMERA_ENTRADA/FICHA_PANTALLA.txt","8675","CD5D758BBA2FEBFA1E95FA7A4DE71C8211D0D0E63929C9155A0058E6B93A65F4"
"10_PANTALLAS/DIMENSION_3/CORREGIDAS_2026-08-19/01_Principal_Taller_Ingenieria_Calibracion_CORREGIDA_V1_1080x1920.png","3562619","47DAC06DEFBE798C0F3BCEE0D44CF331B204E02A4C893A8DCEEC78EBA8E3AC9E"
"10_PANTALLAS/DIMENSION_3/CORREGIDAS_2026-08-19/01_Principal_Taller_Ingenieria_Calibracion_CORREGIDA_V1_720x1280.png","1642757","29D40913AC74E4A40A1E5E27013FE7DE71645DA4AD5A37CC4A2B8507EE905D4C"
"10_PANTALLAS/DIMENSION_3/CORREGIDAS_2026-08-19/01_Taller_Calibracion_CORREGIDA_V1_GENERADA.png","2161111","B3486EC1B6812808450EB43BDCCC449BDEC8D39C9E0960E7D74506EC4EEA5865"
"10_PANTALLAS/DIMENSION_3/CORREGIDAS_2026-08-19/02_Principal_Sala_Control_Nucleo_CORREGIDA_V1_1080x1920.png","3715352","74C52E8A2AE5E6E2B4E89060F337168524CD913A954FA68C56C0E710BA74ED51"
"10_PANTALLAS/DIMENSION_3/CORREGIDAS_2026-08-19/02_Principal_Sala_Control_Nucleo_CORREGIDA_V1_720x1280.png","1697960","E6B900F1D961CBC1DABCA168C8FEAF7F21195881581C48A4AAE55E79850D8BA1"
"10_PANTALLAS/DIMENSION_3/CORREGIDAS_2026-08-19/02_Sala_Control_Nucleo_CORREGIDA_V1_GENERADA.png","2309967","0881AAB9F57447F6CB50AB9CF6BD43D67AF319C1EEB898230BCF1217922A51EF"
"10_PANTALLAS/DIMENSION_3/CORREGIDAS_2026-08-19/03_Automatas_CORREGIDA_V1_GENERADA.png","2088031","B8362648304947A203D9119E08B7AAA62ABEBFF1DBA6E495F87AF0CFD7503393"
"10_PANTALLAS/DIMENSION_3/CORREGIDAS_2026-08-19/03_Automatas_CORREGIDA_V2_REVISION.png","2017487","96C57EF4C77EA45704B661234B23D1984FD57787626AF2D1B633C83E0EB2C9A4"
"10_PANTALLAS/DIMENSION_3/CORREGIDAS_2026-08-19/03_Automatas_CORREGIDA_V3_GENERADA.png","1959059","36D207CC98039B2A942D918B680DE34723C809FC9222DD7216E9A1EC4B431E4B"
"10_PANTALLAS/DIMENSION_3/CORREGIDAS_2026-08-19/03_Subpantalla_Automatas_CORREGIDA_V1_1080x1920.png","3120446","E17F103C70814BB4D80C8A3211A7A9B8D32924C496BD5E2115AC7B646F81A4FE"
"10_PANTALLAS/DIMENSION_3/CORREGIDAS_2026-08-19/03_Subpantalla_Automatas_CORREGIDA_V1_720x1280.png","1454420","5212CB62576D6FCDFC067B3F87FA2AACFB2A8058F618A9D2D63A539B5317253C"
"10_PANTALLAS/DIMENSION_3/CORREGIDAS_2026-08-19/04_Investigacion_CORREGIDA_V1_GENERADA.png","2211795","123736483F75C70FB5E81280860DA7C6507E66E7643F12BF2607A21DCDFDCB8C"
"10_PANTALLAS/DIMENSION_3/CORREGIDAS_2026-08-19/04_Investigacion_CORREGIDA_V2_GENERADA.png","2155930","3E44614E18CFE590AC35715F3882BD5CFC3716BE24DC5BB2270BB1E2301E7423"
"10_PANTALLAS/DIMENSION_3/CORREGIDAS_2026-08-19/04_Subpantalla_Investigacion_CORREGIDA_V1_1080x1920.png","3420982","A97C2019F8004370ADE37A17BBD872927C0979635A5E5B0E1F28BE54AEB79408"
"10_PANTALLAS/DIMENSION_3/CORREGIDAS_2026-08-19/04_Subpantalla_Investigacion_CORREGIDA_V1_720x1280.png","1579411","2A3A9AE9038764FDB53DBE23EA882C950E90B59AFDBEF7912C3F3CC4CDD00118"
"10_PANTALLAS/DIMENSION_3/CORREGIDAS_2026-08-19/05_Construccion_Mejoras_CORREGIDA_V1_GENERADA.png","2282355","9C502CA33425DCD54BDB367D39D272A8B6DC57C85E64CA3230C0D91090F55CE5"
"10_PANTALLAS/DIMENSION_3/CORREGIDAS_2026-08-19/05_Subpantalla_Construccion_Mejoras_CORREGIDA_V1_1080x1920.png","3416295","A45C6CC83C9A663C001B76E25135607F165DA8C95B30EE47738FA8FA26A00E85"
"10_PANTALLAS/DIMENSION_3/CORREGIDAS_2026-08-19/05_Subpantalla_Construccion_Mejoras_CORREGIDA_V1_720x1280.png","1560731","6AE4E46F780511BBEB59C47E3EB91C7CC71F2004C36AB14E01DC4C4FEBA51093"
"10_PANTALLAS/DIMENSION_3/CORREGIDAS_2026-08-19/06_Consola_CORREGIDA_V1_GENERADA.png","2272805","E675F539CF50DF13C02BF6AB1DA78079CF12AEAC79FF4FE3F916BC3D3D340104"
"10_PANTALLAS/DIMENSION_3/CORREGIDAS_2026-08-19/06_Subpantalla_Consola_CORREGIDA_V1_1080x1920.png","3390081","3D8EDB7098CFBDD65FAEB29146BE58C40351488B8F897119EAF97CB5D7C3D2A1"
"10_PANTALLAS/DIMENSION_3/CORREGIDAS_2026-08-19/06_Subpantalla_Consola_CORREGIDA_V1_720x1280.png","1549807","A5E5D6AF5E64BA79489C242A6575F8A3A01333FEC8628BD5BF1728D5734F4F9D"
"10_PANTALLAS/DIMENSION_3/CORREGIDAS_2026-08-19/07_Diagnostico_CORREGIDA_V1_GENERADA.png","2327680","81D2C57E79A37081BA0737736B61CCBF36939622C93970CF99D0720EBD0A493B"
"10_PANTALLAS/DIMENSION_3/CORREGIDAS_2026-08-19/07_Subpantalla_Diagnostico_CORREGIDA_V1_1080x1920.png","3519202","89D04BAB7A4358AA66005DD1ABD50BBBF2E3F719B6DDCE3795F1ECE8AD183873"
"10_PANTALLAS/DIMENSION_3/CORREGIDAS_2026-08-19/07_Subpantalla_Diagnostico_CORREGIDA_V1_720x1280.png","1603468","0FDB5662E82C46E33CF019E031791D697A01D6C75CBC5E4831E78DCD880548D5"
"10_PANTALLAS/DIMENSION_3/CORREGIDAS_2026-08-19/08_Puerto_Expediciones_CORREGIDA_V1_GENERADA.png","2383191","DA828C47627E3DB7A0706727A92515400BFD5C8A7C69E4BF986098ECE2FCAD31"
"10_PANTALLAS/DIMENSION_3/CORREGIDAS_2026-08-19/08_Puerto_Expediciones_CORREGIDA_V2_GENERADA.png","2249721","A1EF6D7824F4D90EF7D7FF32F6D9F0F3285B2D1E4EDE564C30941497679B9914"
"10_PANTALLAS/DIMENSION_3/CORREGIDAS_2026-08-19/08_Subpantalla_Puerto_Expedicion_CORREGIDA_V1_1080x1920.png","3493479","39D4FBD6A1AF7BD599F5364101D20D88F4ED00D5075B5BFD14765CBFC923AB95"
"10_PANTALLAS/DIMENSION_3/CORREGIDAS_2026-08-19/08_Subpantalla_Puerto_Expedicion_CORREGIDA_V1_720x1280.png","1603347","D0FD052B160B4E982C1CC7A7D6EE0986C25A9D8664065D69987329D6EA13588C"
"10_PANTALLAS/DIMENSION_3/CORREGIDAS_2026-08-19/09_Rutinas_CORREGIDA_V1_GENERADA.png","2459976","B8CA615D572A92F131E2E96E69E6202A91A7B273D3EEDC56C892AF3F3F0CB3AB"
"10_PANTALLAS/DIMENSION_3/CORREGIDAS_2026-08-19/09_Subpantalla_Rutinas_CORREGIDA_V1_1080x1920.png","3844105","C7F5781A56B2C61F22213862B732E338611B774BE2E630CEE972AA555A01D0CC"
"10_PANTALLAS/DIMENSION_3/CORREGIDAS_2026-08-19/09_Subpantalla_Rutinas_CORREGIDA_V1_720x1280.png","1753418","6E7A179F6CEE6A38F753739382D484CE4C9183442A4B536AB08E4CE32D1EA5B2"
"10_PANTALLAS/DIMENSION_3/CORREGIDAS_2026-08-19/10_Colas_CORREGIDA_V1_GENERADA.png","2015193","84A4C10688ACD5914295F88C6F4AE60DDA807B8735CCF6AC572E15C3B6CDC5FB"
"10_PANTALLAS/DIMENSION_3/CORREGIDAS_2026-08-19/10_Colas_CORREGIDA_V2_GENERADA.png","2002993","ADDF81971EA0E09A9314509A1C0613EA2440F6811F9F6D6F374B57A2E42A4402"
"10_PANTALLAS/DIMENSION_3/CORREGIDAS_2026-08-19/10_Panel_Global_Colas_CORREGIDA_V1_1080x1920.png","3056502","904F1E66A3CAF44DEBC62334600EA9D911EF86BE6FF72ACF10AB172560844838"
"10_PANTALLAS/DIMENSION_3/CORREGIDAS_2026-08-19/10_Panel_Global_Colas_CORREGIDA_V1_720x1280.png","1409477","A643AD05CF6BA4DDAE7569F1789F46C437151FEEC0483F69ACCD0CBDDAB6A592"
"10_PANTALLAS/DIMENSION_3/CORREGIDAS_2026-08-19/PROMPTS_CORRECCION_01_10.md","3049","44E580B436EDA9EE24BE874E228377CC0F925F9F118D661FD73F890CD168161E"
"10_PANTALLAS/DIMENSION_3/MATRIZ_CORRECCIONES_10_PANTALLAS.md","6216","946E280C5E66C0089CD342FDC35407F8DD86B513383AF6D06EF43E3F2F0A6705"
"10_PANTALLAS/DIMENSION_3/PLANTA_PRODUCCION/CANDIDATA_PLANTA_PRODUCCION_CORREGIDA_V1_1080x1920.png","3733449","46E11C1158B1C5CA7543041FAC27CA9B6526DA30AE60B97D9E00075307C9A313"
"10_PANTALLAS/DIMENSION_3/PLANTA_PRODUCCION/CANDIDATA_PLANTA_PRODUCCION_CORREGIDA_V1_720x1280.png","1705932","0AEABF675BBE9F84C6B81334997A97D02E16720212528A6AE39B64AC8A7F72B5"
"10_PANTALLAS/DIMENSION_3/PLANTA_PRODUCCION/CANDIDATA_PLANTA_PRODUCCION_CORREGIDA_V1_GENERADA_941x1672.png","2327773","2F9AA8AE3FB9ED9E6BC578A1A7E1C6AE5F329442B968DE492C8296F4FBB78EC0"
"10_PANTALLAS/DIMENSION_3/PLANTA_PRODUCCION/CANDIDATA_PLANTA_PRODUCCION_CORREGIDA_V2_1080x1920.png","3737999","F99BCD06C41670058293066C33546B73B8D49C003DAC16B1226D856BF01327C7"
"10_PANTALLAS/DIMENSION_3/PLANTA_PRODUCCION/CANDIDATA_PLANTA_PRODUCCION_CORREGIDA_V2_720x1280.png","1724752","02BEAF663F1EB1C4BB842036565F3736E9229F7FF987D6BBF6D8348013080A04"
"10_PANTALLAS/DIMENSION_3/PLANTA_PRODUCCION/CANDIDATA_PLANTA_PRODUCCION_CORREGIDA_V2_GENERADA_941x1672.png","2206842","8BAB6FFAE9D5F2F22792CAC35BDF1A467E5133947BB2C57DE7406F94EBE3640E"
"10_PANTALLAS/DIMENSION_3/PLANTA_PRODUCCION/CONTRATO_APROBACION.txt","2421","7B46429516F2D09CE41B02368806FBB052EF3348989BF4C0D8DD89D26697DDEC"
"10_PANTALLAS/DIMENSION_3/PLANTA_PRODUCCION/DECISIONES.txt","2794","02018B35EFE9B10EC2C55F7E097E7427219C54173E660BB6E0FADD11CB0BAAFE"
"10_PANTALLAS/DIMENSION_3/PLANTA_PRODUCCION/FICHA_PANTALLA.txt","6979","037EB17B3AE666BF75C890E366BCF5462A3C06B0D063EB3DB50F3F2625F5AF6C"
"10_PANTALLAS/DIMENSION_3/PLANTA_PRODUCCION/PROMPTS_GENERACION_V2.txt","2054","98D15E5847FFFCB171F8DBE1D08A0FB5E17E76A2C5659EDD2B6EFBC4C04F8ACC"
"10_PANTALLAS/LEEME.txt","944","5C8BF6BBF09A6DDD17F57E6773646C891A9428B3B418334B1A1BE3F089985D54"
"10_PANTALLAS/MAQUINA/CONCEPTOS_2D_2026-08-19/01_Placa_Frontal_2D.png","2095670","E737527BEE11225A8BA0B9668D7DFEE0D978F69E4E664F6A626463E8B18885B3"
"10_PANTALLAS/MAQUINA/CONCEPTOS_2D_2026-08-19/02_Maquina_Desplegada_2D.png","1935931","1AA62E1C7BB87378D18103D7877E8F82E755680E9625786902BB89838BFFC785"
"10_PANTALLAS/MAQUINA/CONCEPTOS_2D_2026-08-19/03_Mapa_Radial_2D.png","2038512","49D4EFA9F536396CB8DC55AD0DF7D42FD0CC1B2DB24BCFA5E1A9A1F81182A0E9"
"10_PANTALLAS/MAQUINA/CONCEPTOS_2D_2026-08-19/ORIGEN_Y_ESTADO.txt","1487","A79DD6963FE4FBCB525ED8B6C1D70722109F84C1280AFDC1AC36951995D0AC9D"
"10_PANTALLAS/MAQUINA/DECISIONES.txt","21906","04870D8B3CD93442F66D808DED4CAFC95BD6A39D7F1D8E5B896EA826E99E979E"
"README.txt","2597","4F0DA53EE9F18971CDAE6A1C023E396BFD2D242722AAD644721B49C5C79E9078"
