{
  "ui.play": "Jugar",
  "ui.options": "Opciones",
  "ui.buy": "Comprar",
  "ui.level": "Nivel",
  "ui.back": "Volver",
  "ui.locked": "Bloqueado",
  "ui.level_prefix": "Nivel:",
  "ui.cost_prefix": "Coste:",
  "ui.tick_prefix": "Tick:",
  "ui.menu.lab": "Laboratorio",
  "ui.menu.generation": "Generación",
  "ui.menu.prestige": "Prestigio",
  "ui.menu.meta": "Λ Meta",
  "prestige.ent_current": "ENT: {0:0}",
  "prestige.ent_gain": "Si prestigias ahora: +{0:0} ENT",
  "prestige.upg_le_mult1_bought": "Upgrade LE/s I (+{0:0}% LE/s) - COMPRADO",
  "prestige.upg_le_mult1_cost": "Upgrade LE/s I (+{0:0}% LE/s) - Coste: {1} ENT",
  "prestige.upg_autobuy1_bought": "Auto-compra Edificio 1 - COMPRADO",
  "prestige.upg_autobuy1_cost": "Auto-compra Edificio 1 (cada 0.5 s) - Coste: {0} ENT",
  "prestige.auto_on": "Auto: ON",
  "prestige.auto_off": "Auto: OFF",
  "meta.lambda_current": "Λ actual: {0:0}",
  "meta.lambda_gain": "Si meta-prestigias ahora: +{0:0} Λ",
  "meta.warn_locked": "Aún no has desbloqueado el Meta-Prestigio.\\nAcumula al menos 50 ENT totales para activarlo.",
  "meta.warn_nogain": "Progreso insuficiente para ganar Λ.\\nSigue subiendo LE, ENT, ADP y WHF.",
  "meta.warn_reset": "Advertencia: esto reseteará LE, EM, IP, ADP, WHF,\\ntodos los edificios, ENT y sus mejoras.",
  "achv.status.unlocked": "Desbloqueado",
  "achv.status.locked": "Bloqueado",
  "achv.ach_first_le.name": "Primer LE",
  "achv.ach_first_le.desc": "Consigue tu primer LE.",
  "achv.ach_mid_le.name": "LE intermedio",
  "achv.ach_mid_le.desc": "Alcanza un nivel intermedio de LE.",
  "achv.ach_first_em.name": "Primer EM",
  "achv.ach_first_em.desc": "Genera tu primer EM.",
  "achv.ach_first_research.name": "Primera mejora",
  "achv.ach_first_research.desc": "Compra tu primera mejora en el laboratorio.",
  "ui.menu.achievements": "Logros",
  "ui.panel.achievements_title": "Logros",
  "bld.vacuum_observer.name": "Generador de Vacío",
  "bld.casimir_panel.name": "Placas de Casimir",
  "bld.fluctuation_antenna.name": "Antena de Fluctuaciones",
  "ui.panel.research_title": "Investigación",
  "res.em_stability_1.name": "Estabilización EM I",
  "res.em_stability_1.desc": "Mejora la estabilidad de los campos EM, aumentando un 10% la producción global de LE.",
  "res.em_stability_2.name": "Estabilización EM II",
  "res.em_stability_2.desc": "Optimiza el control de campo, sumando otro 10% a la producción global de LE.",
  "res.em_harvesting_1.name": "Cosecha EM I",
  "res.em_harvesting_1.desc": "Aumenta en un 25% la generación de EM.",
  "res.em_harvesting_2.name": "Cosecha EM II",
  "res.em_harvesting_2.desc": "Aumenta en un 25% adicional la generación de EM.",
  "res.em_stability_3.name": "Estabilización EM III",
  "res.em_stability_3.desc": "Lleva al límite la estabilidad de los campos EM, añadiendo un 15% extra a la producción global de LE.",
  "res.em_harvesting_3.name": "Cosecha EM III",
  "res.em_harvesting_3.desc": "La red de colectores EM se optimiza al máximo, aumentando en un 40% adicional la generación de EM.",
  "lab.buy": "Comprar",
  "lab.locked": "Bloqueado",
  "lab.no_ip": "Sin IP",
  "lab.experiment_template": "Experimento:\nGasta {0:0} LE → Gana {1:0} IP",
  "lab.run_experiment": "Ejecutar experimento",
  "meta.forge_lambda": "Forjar Λ",
  "meta.desc": "Resetea TODO (incluyendo ENT) para conseguir Λ, una moneda permanente de meta-progreso.",
  "meta.warning": "Advertencia: esto reseteará LE, EM, IP, ADP, WHF, edificios, ENT y sus mejoras.",
  "ui.no_lambda": "Sin Λ",
  "ui.bought": "Comprado",
  "meta.upg_ent_boost_desc": "Boost ENT I: +20% ENT ganada permanentemente - Coste: {0:0} Λ",
  "meta.upg_em_boost_desc": "Boost EM I: +15% EM base permanente - Coste: {0:0} Λ",
  "ui.title_meta_prestige": "Meta-Prestigio Λ"


}
