{
  "ui.play": "Play",
  "ui.options": "Options",
  "ui.buy": "Buy",
  "ui.level": "Level",
  "ui.back": "Back",
  "ui.locked": "Locked",
  "ui.level_prefix": "Level:",
  "ui.cost_prefix": "Cost:",
  "ui.tick_prefix": "Tick:",
  "ui.menu.lab": "Laboratory",
  "ui.menu.generation": "Generation",
  "ui.menu.prestige": "Prestige",
  "ui.menu.meta": "Λ Meta",
  "prestige.ent_current": "ENT: {0:0}",
  "prestige.ent_gain": "If you prestige now: +{0:0} ENT",
  "prestige.upg_le_mult1_bought": "LE/s Upgrade I (+{0:0}% LE/s) - BOUGHT",
  "prestige.upg_le_mult1_cost": "LE/s Upgrade I (+{0:0}% LE/s) - Cost: {1} ENT",
  "prestige.upg_autobuy1_bought": "Auto-buy Building 1 - BOUGHT",
  "prestige.upg_autobuy1_cost": "Auto-buy Building 1 (every 0.5 s) - Cost: {0} ENT",
  "prestige.auto_on": "Auto: ON",
  "prestige.auto_off": "Auto: OFF",
  "meta.lambda_current": "Current Λ: {0:0}",
  "meta.lambda_gain": "If you meta-prestige now: +{0:0} Λ",
  "meta.warn_locked": "You haven't unlocked Meta-Prestige yet.\\nReach at least 50 total ENT to activate it.",
  "meta.warn_nogain": "Not enough progress to earn Λ.\\nKeep pushing LE, ENT, ADP and WHF.",
  "meta.warn_reset": "Warning: this will reset LE, EM, IP, ADP, WHF,\\nall buildings, ENT and its upgrades.",
  "achv.status.unlocked": "Unlocked",
  "achv.status.locked": "Locked",
  "achv.ach_first_le.name": "First LE",
  "achv.ach_first_le.desc": "Get your first LE.",
  "achv.ach_mid_le.name": "Mid LE",
  "achv.ach_mid_le.desc": "Reach a mid level of LE.",
  "achv.ach_first_em.name": "First EM",
  "achv.ach_first_em.desc": "Generate your first EM.",
  "achv.ach_first_research.name": "First upgrade",
  "achv.ach_first_research.desc": "Buy your first lab upgrade.",
  "achv.ach_ip_grinder.name": "Lab rats",
  "achv.ach_ip_grinder.desc": "Reach 200 IP.",
  "achv.ach_le_1M.name": "Quantum storm",
  "achv.ach_le_1M.desc": "Reach 1,000,000 LE.",
  "achv.ach_research_6.name": "Lab architect",
  "achv.ach_research_6.desc": "Buy at least 6 researches.",
  "ui.menu.achievements": "Achievements",
  "ui.panel.achievements_title": "Achievements",
  "bld.vacuum_observer.name": "Vacuum Generator",
  "bld.casimir_panel.name": "Casimir Plates",
  "bld.fluctuation_antenna.name": "Fluctuation Antenna",
  "ui.panel.research_title": "Research",
  "res.em_stability_1.name": "EM Stabilization I",
  "res.em_stability_1.desc": "Improves EM field stability, increasing global LE production by 10%.",
  "res.em_stability_2.name": "EM Stabilization II",
  "res.em_stability_2.desc": "Optimizes field control, adding another 10% to global LE production.",
  "res.em_harvesting_1.name": "EM Harvesting I",
  "res.em_harvesting_1.desc": "Increases EM generation by 25%.",
  "res.em_harvesting_2.name": "EM Harvesting II",
  "res.em_harvesting_2.desc": "Increases EM generation by an additional 25%.",
  "res.em_stability_3.name": "EM Stabilization III",
  "res.em_stability_3.desc": "Pushes EM field stability to the limit, adding an extra 15% to global LE production.",
  "res.em_harvesting_3.name": "EM Harvesting III",
  "res.em_harvesting_3.desc": "Maximizes the EM collector network, increasing EM generation by an additional 40%.",
  "lab.buy": "Buy",
  "lab.locked": "Locked",
  "lab.no_ip": "No IP",
  "lab.experiment_template": "Experiment:\nSpend {0:0} LE → Gain {1:0} IP",
  "lab.run_experiment": "Run experiment",
  "meta.forge_lambda": "Forge Λ",
  "meta.desc": "Resets EVERYTHING (including ENT) to obtain Λ, a permanent meta-progression currency.",
  "meta.warning": "Warning: this will reset LE, EM, IP, ADP, WHF, buildings, ENT, and its upgrades.",
  "ui.no_lambda": "No Λ",
  "ui.bought": "Bought",
  "meta.upg_ent_boost_desc": "ENT Boost I: +20% ENT gained permanently - Cost: {0:0} Λ",
  "meta.upg_em_boost_desc": "EM Boost I: +15% permanent base EM - Cost: {0:0} Λ",
  "ui.title_meta_prestige": "Meta-Prestige Λ"



}
