{
  "achievements": [
    {
      "id": "ach_first_le",
      "name": "Primera chispa",
      "description": "Alcanza 1.000 LE.",
      "conditionType": "ReachLE",
      "threshold": 1000.0,
      "rewardGlobalLEMult": 0.02
    },
    {
      "id": "ach_mid_le",
      "name": "Sobrecarga",
      "description": "Alcanza 100.000 LE.",
      "conditionType": "ReachLE",
      "threshold": 100000.0,
      "rewardGlobalLEMult": 0.03
    },
    {
      "id": "ach_first_em",
      "name": "Ruido en el vacío",
      "description": "Alcanza 100 EM.",
      "conditionType": "ReachEM",
      "threshold": 100.0,
      "rewardGlobalLEMult": 0.02
    },
    {
      "id": "ach_first_research",
      "name": "Rompiendo paradigmas",
      "description": "Compra tu primera investigación.",
      "conditionType": "PurchasedResearchCount",
      "threshold": 1.0,
      "rewardGlobalLEMult": 0.02
    },
    {
      "id": "ach_ip_grinder",
      "name": "Ratas de laboratorio",
      "description": "Alcanza 200 IP.",
      "conditionType": "ReachIP",
      "threshold": 200.0,
      "rewardGlobalLEMult": 0.03
    },
        {
      "id": "ach_le_1M",
      "name": "Tormenta cuántica",
      "description": "Alcanza 1.000.000 LE.",
      "conditionType": "ReachLE",
      "threshold": 1000000.0,
      "rewardGlobalLEMult": 0.08
    },
    {
      "id": "ach_research_6",
      "name": "Arquitecto del laboratorio",
      "description": "Compra al menos 6 investigaciones.",
      "conditionType": "PurchasedResearchCount",
      "threshold": 6.0,
      "rewardGlobalLEMult": 0.06
    }
  ]
}
