{
  "buildings": [
    {
      "id": "vacuum_observer",
      "displayName": "Generador de Vacío",
      "description": "El generador básico que extrae LE del vacío cuántico.",
      "baseCost": 10.0,
      "costMult": 1.15,
      "baseLEps": 0.0,
      "tier": 1,
      "bonusType": "None",
      "bonusPerLevel": 0.0,

      "tickInterval": 3.0,
      "lePerTickBase": 1.0,
      "emPerTickBase": 0.0,

      "unlockMinLE": 0.0,
      "unlockMinTotalLEps": 0.0,
      "unlockRequireId": "",
      "unlockRequireLevel": 0
    },

    {
      "id": "casimir_panel",
      "displayName": "Placas de Casimir",
      "description": "Placas paralelas que aprovechan el efecto Casimir para extraer LE más eficientemente.",
      "baseCost": 60.0,
      "costMult": 1.17,
      "baseLEps": 0.0,
      "tier": 1,
      "bonusType": "None",
      "bonusPerLevel": 0.0,

      "tickInterval": 7.0,
      "lePerTickBase": 4.0,
      "emPerTickBase": 0.0,

      "unlockMinLE": 0.0,
      "unlockMinTotalLEps": 0.0,
      "unlockRequireId": "vacuum_observer",
      "unlockRequireLevel": 5
    },

    {
      "id": "fluctuation_antenna",
      "displayName": "Antena de Fluctuaciones",
      "description": "Captura fluctuaciones más intensas del vacío, generando LE y pequeñas cantidades de EM.",
      "baseCost": 250.0,
      "costMult": 1.20,
      "baseLEps": 0.0,
      "tier": 1,
      "bonusType": "None",
      "bonusPerLevel": 0.0,

      "tickInterval": 12.0,
      "lePerTickBase": 10.0,
      "emPerTickBase": 0.5,

      "unlockMinLE": 0.0,
      "unlockMinTotalLEps": 0.0,
      "unlockRequireId": "casimir_panel",
      "unlockRequireLevel": 5
    }
  ]
}
