{
  "buildings": [
    {
      "id": "vacuum_observer",
      "displayName": "Observador de Vacío",
      "description": "Un sensor experimental que mide las fluctuaciones del vacío cuántico.",
      "baseCost": 10.0,
      "costMult": 1.15,
      "baseLEps": 1.0,
      "tier": 1,
      "bonusType": "None",
      "bonusPerLevel": 0.0,
      "unlockMinLE": 0.0,
      "unlockMinTotalLEps": 0.0,
      "unlockRequireId": "",
      "unlockRequireLevel": 0
    },
    {
      "id": "vacuum_array",
      "displayName": "Matriz de Vacío",
      "description": "Múltiples observadores sincronizados que estabilizan el vacío.",
      "baseCost": 30.0,
      "costMult": 1.16,
      "baseLEps": 2.0,
      "tier": 1,
      "bonusType": "None",
      "bonusPerLevel": 0.0,
      "unlockMinLE": 15.0,
      "unlockMinTotalLEps": 0.0,
      "unlockRequireId": "vacuum_observer",
      "unlockRequireLevel": 2
    },
    {
      "id": "casimir_panel",
      "displayName": "Panel Casimir",
      "description": "Placas paralelas que aprovechan el efecto Casimir para extraer LE.",
      "baseCost": 90.0,
      "costMult": 1.17,
      "baseLEps": 4.0,
      "tier": 1,
      "bonusType": "None",
      "bonusPerLevel": 0.0,
      "unlockMinLE": 60.0,
      "unlockMinTotalLEps": 0.0,
      "unlockRequireId": "vacuum_array",
      "unlockRequireLevel": 2
    },
    {
      "id": "zero_point_collector",
      "displayName": "Colector de Punto Cero",
      "description": "Canaliza energía de punto cero con una eficiencia moderada.",
      "baseCost": 250.0,
      "costMult": 1.18,
      "baseLEps": 6.0,
      "tier": 1,
      "bonusType": "MultiplierLE",
      "bonusPerLevel": 0.008,
      "unlockMinLE": 200.0,
      "unlockMinTotalLEps": 0.0,
      "unlockRequireId": "casimir_panel",
      "unlockRequireLevel": 3
    },
    {
      "id": "fluctuation_antenna",
      "displayName": "Antena de Fluctuaciones",
      "description": "Antenas sintonizadas para capturar fluctuaciones cuánticas de alta frecuencia.",
      "baseCost": 900.0,
      "costMult": 1.2,
      "baseLEps": 12.0,
      "tier": 1,
      "bonusType": "MultiplierLE",
      "bonusPerLevel": 0.015,
      "unlockMinLE": 1200.0,
      "unlockMinTotalLEps": 0.0,
      "unlockRequireId": "zero_point_collector",
      "unlockRequireLevel": 3
    },
    {
      "id": "decoherence_lab",
      "displayName": "Laboratorio de Decoherencia",
      "description": "Estudio controlado de la decoherencia para mitigar efectos no deseados.",
      "baseCost": 7000.0,
      "costMult": 1.22,
      "baseLEps": 20.0,
      "tier": 2,
      "bonusType": "MultiplierLE",
      "bonusPerLevel": 0.015,
      "unlockMinLE": 12000.0,
      "unlockMinTotalLEps": 0.0,
      "unlockRequireId": "fluctuation_antenna",
      "unlockRequireLevel": 4
    },
    {
      "id": "field_condenser",
      "displayName": "Condensador de Campo",
      "description": "Condensa regiones de campo cuántico para una extracción de LE más densa.",
      "baseCost": 22000.0,
      "costMult": 1.24,
      "baseLEps": 35.0,
      "tier": 2,
      "bonusType": "FlatLE",
      "bonusPerLevel": 7.0,
      "unlockMinLE": 50000.0,
      "unlockMinTotalLEps": 0.0,
      "unlockRequireId": "decoherence_lab",
      "unlockRequireLevel": 3
    },
    {
      "id": "vacuum_amplifier",
      "displayName": "Amplificador de Vacío",
      "description": "Aumenta la intensidad de las fluctuaciones aprovechables del vacío.",
      "baseCost": 65000.0,
      "costMult": 1.27,
      "baseLEps": 45.0,
      "tier": 2,
      "bonusType": "FlatLE",
      "bonusPerLevel": 12.0,
      "unlockMinLE": 160000.0,
      "unlockMinTotalLEps": 0.0,
      "unlockRequireId": "field_condenser",
      "unlockRequireLevel": 3
    },
    {
      "id": "em_field_emitter",
      "displayName": "Emisor EM",
      "description": "Genera campos electromagnéticos coherentes que potencian la extracción de energía del vacío.",
      "baseCost": 200000.0,
      "costMult": 1.3,
      "baseLEps": 65.0,
      "tier": 3,
      "bonusType": "MultiplierLE",
      "bonusPerLevel": 0.02,
      "unlockMinLE": 300000.0,
      "unlockMinTotalLEps": 0.0,
      "unlockRequireId": "vacuum_amplifier",
      "unlockRequireLevel": 3
    },
    {
      "id": "em_field_array",
      "displayName": "Matriz EM",
      "description": "Una red sincronizada de emisores EM que estabiliza y amplifica la producción de LE.",
      "baseCost": 600000.0,
      "costMult": 1.3,
      "baseLEps": 110.0,
      "tier": 3,
      "bonusType": "FlatLE",
      "bonusPerLevel": 20.0,
      "unlockMinLE": 900000.0,
      "unlockMinTotalLEps": 0.0,
      "unlockRequireId": "em_field_emitter",
      "unlockRequireLevel": 3
    },
    {
      "id": "micro_collider",
      "displayName": "μColisionador",
      "description": "Un colisionador miniaturizado que fuerza interacciones de alta energía para descubrir nuevos efectos cuánticos.",
      "baseCost": 1800000.0,
      "costMult": 1.32,
      "baseLEps": 180.0,
      "tier": 3,
      "bonusType": "MultiplierLE",
      "bonusPerLevel": 0.025,
      "unlockMinLE": 3000000.0,
      "unlockMinTotalLEps": 0.0,
      "unlockRequireId": "em_field_array",
      "unlockRequireLevel": 3
    }
  ]
}
