{
  "buildings": [
    {
      "id": "vacuum_observer",
      "displayName": "Observador de Vacío",
      "description": "Un sensor experimental que mide las fluctuaciones del vacío cuántico.",
      "baseCost": 10.0,
      "costMult": 1.15,
      "baseLEps": 1.0,
      "tier": 1,
      "bonusType": "None",
      "bonusPerLevel": 0.0,
      "unlockMinLE": 0.0,
      "unlockMinTotalLEps": 0.0,
      "unlockRequireId": "",
      "unlockRequireLevel": 0
    },
    {
      "id": "vacuum_array",
      "displayName": "Matriz de Vacío",
      "description": "Múltiples observadores sincronizados que estabilizan el vacío.",
      "baseCost": 30.0,
      "costMult": 1.16,
      "baseLEps": 2.0,
      "tier": 1,
      "bonusType": "None",
      "bonusPerLevel": 0.0,
      "unlockMinLE": 15.0,
      "unlockMinTotalLEps": 0.5,
      "unlockRequireId": "vacuum_observer",
      "unlockRequireLevel": 2
    },
    {
      "id": "casimir_panel",
      "displayName": "Panel de Casimir",
      "description": "Placas que exprimen el vacío para generar más LE.",
      "baseCost": 90.0,
      "costMult": 1.17,
      "baseLEps": 4.0,
      "tier": 1,
      "bonusType": "None",
      "bonusPerLevel": 0.0,
      "unlockMinLE": 60.0,
      "unlockMinTotalLEps": 1.5,
      "unlockRequireId": "vacuum_array",
      "unlockRequireLevel": 2
    },
    {
      "id": "zero_point_collector",
      "displayName": "Colector de Punto Cero",
      "description": "Canaliza energía de las fluctuaciones más estables del vacío.",
      "baseCost": 250.0,
      "costMult": 1.18,
      "baseLEps": 6.0,
      "tier": 1,
      "bonusType": "MultiplierLE",
      "bonusPerLevel": 0.008,
      "unlockMinLE": 200.0,
      "unlockMinTotalLEps": 4.0,
      "unlockRequireId": "casimir_panel",
      "unlockRequireLevel": 3
    },
    {
      "id": "fluctuation_antenna",
      "displayName": "Antena de Fluctuaciones",
      "description": "Capta fluctuaciones de mayor energía en el vacío.",
      "baseCost": 900.0,
      "costMult": 1.21,
      "baseLEps": 12.0,
      "tier": 1,
      "bonusType": "MultiplierLE",
      "bonusPerLevel": 0.015,
      "unlockMinLE": 1200.0,
      "unlockMinTotalLEps": 20.0,
      "unlockRequireId": "zero_point_collector",
      "unlockRequireLevel": 3
    },
    {
      "id": "decoherence_lab",
      "displayName": "Laboratorio de Decoherencia",
      "description": "Estudia la pérdida de coherencia cuántica y cómo compensarla.",
      "baseCost": 7000.0,
      "costMult": 1.24,
      "baseLEps": 20.0,
      "tier": 2,
      "bonusType": "MultiplierLE",
      "bonusPerLevel": 0.015,
      "unlockMinLE": 12000.0,
      "unlockMinTotalLEps": 80.0,
      "unlockRequireId": "fluctuation_antenna",
      "unlockRequireLevel": 4
    },
    {
      "id": "field_condenser",
      "displayName": "Condensador de Campo",
      "description": "Comprime el campo de vacío para obtener ráfagas adicionales de energía.",
      "baseCost": 22000.0,
      "costMult": 1.25,
      "baseLEps": 35.0,
      "tier": 2,
      "bonusType": "FlatLE",
      "bonusPerLevel": 7.0,
      "unlockMinLE": 50000.0,
      "unlockMinTotalLEps": 0.0,
      "unlockRequireId": "decoherence_lab",
      "unlockRequireLevel": 3
    },
    {
      "id": "vacuum_amplifier",
      "displayName": "Amplificador de Vacío",
      "description": "Aumenta la intensidad de las fluctuaciones aprovechables del vacío.",
      "baseCost": 65000.0,
      "costMult": 1.27,
      "baseLEps": 45.0,
      "tier": 2,
      "bonusType": "FlatLE",
      "bonusPerLevel": 12.0,
      "unlockMinLE": 160000.0,
      "unlockMinTotalLEps": 0.0,
      "unlockRequireId": "field_condenser",
      "unlockRequireLevel": 3
    }
  ]
}
