{
  "research": [
    {
      "id": "em_stability_1",
      "name": "Estabilización EM I",
      "description": "Mejora la estabilidad de los campos EM, aumentando un 10% la producción global de LE.",
      "costIP": 50.0,
      "prereqId": "",
      "effectType": "GlobalLEMult",
      "effectValue": 0.10
    },
    {
      "id": "em_stability_2",
      "name": "Estabilización EM II",
      "description": "Optimiza el control de campo, sumando otro 10% a la producción global de LE.",
      "costIP": 150.0,
      "prereqId": "em_stability_1",
      "effectType": "GlobalLEMult",
      "effectValue": 0.10
    },
    {
      "id": "em_harvesting_1",
      "name": "Cosecha EM I",
      "description": "Aumenta en un 25% la generación de EM.",
      "costIP": 120.0,
      "prereqId": "",
      "effectType": "EMGenerationMult",
      "effectValue": 0.25
    },
    {
      "id": "em_harvesting_2",
      "name": "Cosecha EM II",
      "description": "Aumenta en un 25% adicional la generación de EM.",
      "costIP": 300.0,
      "prereqId": "em_harvesting_1",
      "effectType": "EMGenerationMult",
      "effectValue": 0.25
    }
  ]
}
